data_hora,id_veiculo,linha,latitude,longitude,numero_passageiros,tempo_viagem_minutos,hora,horario_pico,situacao,cluster_label_hdbscan
2024-03-22 07:58:00,ônibus 29,linha 101,-23.572877,-46.676752,15,58,7,0,lenta,-1
2024-03-07 08:07:00,ônibus 2,linha 202,-23.597418,-46.677603,29,11,8,0,lenta,-1
2024-03-06 16:00:00,ônibus 15,linha 505,-23.56496,-46.634632,9,29,16,0,lenta,-1
2024-03-25 01:56:00,ônibus 27,linha 404,-23.56902,-46.639188,18,90,1,0,lenta,-1
2024-03-16 11:46:00,ônibus 12,linha 303,-23.573256,-46.643314,16,40,11,0,lenta,-1
2024-03-09 05:45:00,ônibus 18,linha 404,-23.596995,-46.673793,24,11,5,0,lenta,-1
2024-03-22 05:59:00,ônibus 24,linha 202,-23.567505,-46.662722,4,52,5,0,lenta,-1
2024-03-09 12:09:00,ônibus 13,linha 404,-23.590442,-46.653165,4,72,12,0,lenta,-1
2024-03-05 13:57:00,ônibus 9,linha 505,-23.597208,-46.643344,1,57,13,0,lenta,-1
2024-03-01 09:08:00,ônibus 27,linha 505,-23.552576,-46.670027,6,22,9,0,lenta,-1
2024-03-21 10:18:00,ônibus 13,linha 303,-23.558245,-46.646266,37,68,10,1,rapida,-1
2024-03-17 15:37:00,ônibus 17,linha 202,-23.599967,-46.667272,7,20,15,0,lenta,-1
2024-03-18 11:36:00,ônibus 25,linha 101,-23.578797,-46.636209,38,37,11,1,rapida,-1
2024-03-03 19:01:00,ônibus 4,linha 101,-23.551735,-46.672653,26,53,19,0,lenta,-1
2024-03-23 15:25:00,ônibus 10,linha 505,-23.555517,-46.672424,0,39,15,0,lenta,-1
2024-03-31 02:58:00,ônibus 6,linha 505,-23.571285,-46.676656,28,50,2,0,lenta,0
2024-03-30 01:11:00,ônibus 20,linha 404,-23.5797,-46.672129,18,82,1,0,lenta,-1
2024-03-09 03:40:00,ônibus 8,linha 202,-23.556623,-46.651788,0,21,3,0,lenta,-1
2024-03-29 14:59:00,ônibus 26,linha 202,-23.590152,-46.640527,21,32,14,0,lenta,-1
2024-03-09 17:53:00,ônibus 13,linha 101,-23.59505,-46.650635,4,43,17,0,lenta,1
2024-03-02 00:32:00,ônibus 10,linha 505,-23.572025,-46.678869,5,72,0,0,lenta,-1
2024-03-22 20:15:00,ônibus 12,linha 404,-23.59886,-46.64823,7,69,20,0,lenta,-1
2024-03-14 07:19:00,ônibus 13,linha 404,-23.570095,-46.668204,39,45,7,1,rapida,-1
2024-03-04 08:59:00,ônibus 28,linha 404,-23.598648,-46.643318,32,69,8,1,rapida,-1
2024-03-23 23:18:00,ônibus 11,linha 202,-23.551951,-46.638621,10,60,23,0,lenta,-1
2024-03-11 06:46:00,ônibus 5,linha 404,-23.572935,-46.675451,3,84,6,0,lenta,-1
2024-03-22 06:52:00,ônibus 11,linha 202,-23.551001,-46.673239,27,35,6,0,lenta,-1
2024-03-08 09:37:00,ônibus 6,linha 404,-23.570423,-46.652117,37,70,9,1,rapida,-1
2024-03-25 05:59:00,ônibus 10,linha 202,-23.592188,-46.666223,22,85,5,0,lenta,-1
2024-03-08 16:35:00,ônibus 29,linha 202,-23.569815,-46.633557,18,58,16,0,lenta,-1
2024-03-09 02:33:00,ônibus 24,linha 101,-23.5981,-46.663376,0,64,2,0,lenta,-1
2024-03-14 20:10:00,ônibus 11,linha 202,-23.586081,-46.653919,23,49,20,0,lenta,-1
2024-03-10 22:08:00,ônibus 24,linha 404,-23.59317,-46.675825,18,44,22,0,lenta,-1
2024-03-17 11:27:00,ônibus 4,linha 101,-23.553358,-46.65528,17,77,11,0,lenta,-1
2024-03-04 07:45:00,ônibus 26,linha 404,-23.58884,-46.648702,15,71,7,0,lenta,-1
2024-03-29 11:12:00,ônibus 13,linha 505,-23.555839,-46.649055,1,10,11,0,lenta,-1
2024-03-16 16:03:00,ônibus 6,linha 101,-23.580219,-46.66068,24,72,16,0,lenta,-1
2024-03-08 20:49:00,ônibus 10,linha 404,-23.554279,-46.641492,38,68,20,1,rapida,-1
2024-03-19 06:12:00,ônibus 30,linha 505,-23.581019,-46.63547,22,47,6,0,lenta,-1
2024-03-21 07:44:00,ônibus 29,linha 404,-23.585296,-46.655684,18,12,7,0,lenta,-1
2024-03-15 12:44:00,ônibus 29,linha 303,-23.596662,-46.66349,3,90,12,0,lenta,-1
2024-03-10 02:39:00,ônibus 2,linha 303,-23.586612,-46.64526,1,41,2,0,lenta,0
2024-03-30 16:55:00,ônibus 5,linha 101,-23.555218,-46.6404,21,46,16,0,lenta,-1
2024-03-21 03:26:00,ônibus 10,linha 303,-23.594761,-46.65476,17,42,3,0,lenta,0
2024-03-15 09:12:00,ônibus 9,linha 303,-23.575497,-46.662344,33,12,9,1,rapida,-1
2024-03-16 07:44:00,ônibus 20,linha 404,-23.567159,-46.635315,13,75,7,0,lenta,-1
2024-03-08 14:57:00,ônibus 20,linha 404,-23.577942,-46.632403,0,30,14,0,lenta,-1
2024-03-06 03:53:00,ônibus 16,linha 404,-23.597584,-46.674152,12,31,3,0,lenta,-1
2024-03-29 17:22:00,ônibus 7,linha 303,-23.561317,-46.634852,25,33,17,0,lenta,-1
2024-03-26 15:09:00,ônibus 9,linha 202,-23.58985,-46.636885,10,41,15,0,lenta,-1
2024-03-03 05:54:00,ônibus 13,linha 101,-23.557633,-46.634431,36,72,5,1,rapida,-1
2024-03-04 08:00:00,ônibus 26,linha 202,-23.594477,-46.660557,16,13,8,0,lenta,-1
2024-03-02 18:29:00,ônibus 20,linha 505,-23.551285,-46.672493,13,72,18,0,lenta,-1
2024-03-06 14:04:00,ônibus 20,linha 202,-23.564401,-46.635233,31,72,14,1,rapida,-1
2024-03-02 22:21:00,ônibus 14,linha 303,-23.594959,-46.651953,1,64,22,0,lenta,-1
2024-03-11 09:38:00,ônibus 4,linha 101,-23.573566,-46.655597,3,54,9,0,lenta,-1
2024-03-07 06:52:00,ônibus 10,linha 101,-23.576411,-46.659123,17,52,6,0,lenta,-1
2024-03-10 09:12:00,ônibus 23,linha 505,-23.557544,-46.632735,13,15,9,0,lenta,-1
2024-03-01 19:28:00,ônibus 7,linha 202,-23.558182,-46.633071,22,82,19,0,lenta,-1
2024-03-31 03:53:00,ônibus 3,linha 404,-23.565506,-46.674098,26,86,3,0,lenta,-1
2024-03-27 23:34:00,ônibus 3,linha 404,-23.582211,-46.637965,3,44,23,0,lenta,-1
2024-03-14 15:37:00,ônibus 28,linha 101,-23.568814,-46.640104,8,83,15,0,lenta,-1
2024-03-29 12:40:00,ônibus 17,linha 202,-23.569051,-46.664098,5,57,12,0,lenta,-1
2024-03-20 18:48:00,ônibus 18,linha 404,-23.579089,-46.663578,13,33,18,0,lenta,-1
2024-03-17 18:14:00,ônibus 14,linha 101,-23.590056,-46.639117,31,23,18,1,rapida,-1
2024-03-25 06:55:00,ônibus 25,linha 202,-23.58095,-46.635765,26,86,6,0,lenta,-1
2024-03-06 23:12:00,ônibus 7,linha 404,-23.561913,-46.653523,13,76,23,0,lenta,-1
2024-03-19 18:51:00,ônibus 2,linha 303,-23.56304,-46.660514,12,90,18,0,lenta,-1
2024-03-03 17:37:00,ônibus 2,linha 101,-23.559964,-46.649198,6,79,17,0,lenta,0
2024-03-22 21:06:00,ônibus 15,linha 303,-23.578261,-46.633783,22,52,21,0,lenta,-1
2024-03-15 14:19:00,ônibus 4,linha 505,-23.560779,-46.63714,38,28,14,1,rapida,-1
2024-03-16 19:19:00,ônibus 13,linha 202,-23.598316,-46.678325,33,43,19,1,rapida,-1
2024-03-23 16:06:00,ônibus 25,linha 101,-23.555538,-46.667462,29,80,16,0,lenta,-1
2024-03-25 14:44:00,ônibus 29,linha 303,-23.590603,-46.655178,7,65,14,0,lenta,-1
2024-03-30 13:43:00,ônibus 13,linha 303,-23.55333,-46.670517,3,11,13,0,lenta,-1
2024-03-13 12:03:00,ônibus 9,linha 202,-23.578638,-46.655909,1,24,12,0,lenta,-1
2024-03-28 11:56:00,ônibus 16,linha 202,-23.551375,-46.656248,9,28,11,0,lenta,-1
2024-03-13 10:51:00,ônibus 15,linha 303,-23.573166,-46.637047,14,63,10,0,lenta,0
2024-03-01 11:30:00,ônibus 27,linha 505,-23.575801,-46.647775,24,71,11,0,lenta,-1
2024-03-26 09:09:00,ônibus 29,linha 404,-23.593536,-46.637884,34,10,9,1,rapida,-1
2024-03-15 06:01:00,ônibus 23,linha 505,-23.592768,-46.637402,23,63,6,0,lenta,-1
2024-03-28 19:56:00,ônibus 1,linha 202,-23.573616,-46.677086,16,85,19,0,lenta,-1
2024-03-15 23:39:00,ônibus 9,linha 101,-23.571611,-46.662022,2,26,23,0,lenta,-1
2024-03-24 03:57:00,ônibus 20,linha 303,-23.560634,-46.630581,8,53,3,0,lenta,-1
2024-03-07 17:49:00,ônibus 10,linha 505,-23.584464,-46.637405,40,72,17,1,rapida,-1
2024-03-21 09:24:00,ônibus 9,linha 404,-23.553532,-46.656126,3,52,9,0,lenta,-1
2024-03-06 02:45:00,ônibus 1,linha 303,-23.558955,-46.672949,7,57,2,0,lenta,-1
2024-03-15 10:41:00,ônibus 19,linha 101,-23.587595,-46.633837,15,60,10,0,lenta,-1
2024-03-04 10:21:00,ônibus 3,linha 101,-23.584286,-46.636887,24,17,10,0,lenta,-1
2024-03-30 09:20:00,ônibus 5,linha 303,-23.551591,-46.666184,34,61,9,1,rapida,-1
2024-03-10 05:14:00,ônibus 18,linha 303,-23.583676,-46.637779,36,63,5,1,rapida,-1
2024-03-30 11:26:00,ônibus 12,linha 404,-23.557475,-46.651084,19,89,11,0,lenta,-1
2024-03-06 20:11:00,ônibus 27,linha 303,-23.567436,-46.646357,24,81,20,0,lenta,-1
2024-03-13 15:17:00,ônibus 16,linha 101,-23.566101,-46.653927,8,44,15,0,lenta,-1
2024-03-12 05:05:00,ônibus 13,linha 101,-23.553681,-46.64502,16,42,5,0,lenta,-1
2024-03-28 00:34:00,ônibus 7,linha 202,-23.594892,-46.632058,15,23,0,0,lenta,-1
2024-03-08 00:28:00,ônibus 8,linha 202,-23.567955,-46.678309,34,33,0,1,rapida,-1
2024-03-31 03:43:00,ônibus 30,linha 303,-23.554182,-46.67827,31,53,3,1,rapida,-1
2024-03-27 21:41:00,ônibus 7,linha 404,-23.580504,-46.652642,5,50,21,0,lenta,1
2024-03-15 12:20:00,ônibus 16,linha 505,-23.586106,-46.636341,25,74,12,0,lenta,-1
2024-03-20 03:10:00,ônibus 17,linha 101,-23.570197,-46.632909,29,19,3,0,lenta,-1
2024-03-21 19:32:00,ônibus 22,linha 505,-23.562642,-46.651813,33,78,19,1,rapida,-1
2024-03-03 08:15:00,ônibus 21,linha 303,-23.580125,-46.639203,29,12,8,0,lenta,-1
2024-03-19 04:18:00,ônibus 22,linha 303,-23.596064,-46.634369,11,51,4,0,lenta,-1
2024-03-05 05:49:00,ônibus 18,linha 303,-23.57485,-46.67409,37,21,5,1,rapida,-1
2024-03-28 15:28:00,ônibus 16,linha 303,-23.594694,-46.66285,14,21,15,0,lenta,-1
2024-03-12 20:17:00,ônibus 17,linha 202,-23.570236,-46.67687,32,34,20,1,rapida,-1
2024-03-14 03:22:00,ônibus 3,linha 101,-23.581286,-46.645777,10,41,3,0,lenta,0
2024-03-14 18:55:00,ônibus 17,linha 202,-23.576829,-46.667446,2,22,18,0,lenta,-1
2024-03-01 06:16:00,ônibus 16,linha 303,-23.596053,-46.635818,20,78,6,0,lenta,-1
2024-03-01 12:48:00,ônibus 10,linha 303,-23.576692,-46.655496,36,34,12,1,rapida,-1
2024-03-15 17:29:00,ônibus 23,linha 101,-23.557094,-46.664963,7,90,17,0,lenta,-1
2024-03-09 23:36:00,ônibus 2,linha 404,-23.566238,-46.632991,36,23,23,1,rapida,-1
2024-03-17 07:56:00,ônibus 21,linha 202,-23.572916,-46.657297,20,29,7,0,lenta,-1
2024-03-05 06:27:00,ônibus 15,linha 404,-23.563982,-46.675014,24,77,6,0,lenta,-1
2024-03-17 14:39:00,ônibus 21,linha 404,-23.594919,-46.677862,7,47,14,0,lenta,-1
2024-03-09 11:08:00,ônibus 5,linha 101,-23.554279,-46.632926,7,85,11,0,lenta,-1
2024-03-07 05:28:00,ônibus 12,linha 202,-23.58712,-46.632343,17,75,5,0,lenta,-1
2024-03-27 15:00:00,ônibus 25,linha 404,-23.564716,-46.642394,20,32,15,0,lenta,-1
2024-03-12 06:13:00,ônibus 20,linha 202,-23.552197,-46.650712,24,16,6,0,lenta,-1
2024-03-18 04:53:00,ônibus 29,linha 101,-23.578017,-46.663198,26,48,4,0,lenta,-1
2024-03-14 03:29:00,ônibus 8,linha 101,-23.56734,-46.653022,23,10,3,0,lenta,-1
2024-03-29 10:55:00,ônibus 9,linha 101,-23.558584,-46.678519,12,21,10,0,lenta,-1
2024-03-03 14:49:00,ônibus 7,linha 505,-23.555835,-46.663081,32,48,14,1,rapida,0
2024-03-19 06:52:00,ônibus 13,linha 303,-23.594769,-46.63045,22,19,6,0,lenta,-1
2024-03-22 13:18:00,ônibus 2,linha 101,-23.563474,-46.631754,4,32,13,0,lenta,-1
2024-03-11 23:28:00,ônibus 13,linha 101,-23.590837,-46.657197,36,20,23,1,rapida,-1
2024-03-30 11:59:00,ônibus 3,linha 202,-23.599441,-46.660943,0,46,11,0,lenta,-1
2024-03-11 10:05:00,ônibus 4,linha 202,-23.571443,-46.642397,19,72,10,0,lenta,-1
2024-03-31 04:28:00,ônibus 6,linha 202,-23.57528,-46.653815,34,86,4,1,rapida,-1
2024-03-18 23:50:00,ônibus 30,linha 202,-23.558717,-46.672473,15,55,23,0,lenta,-1
2024-03-30 04:37:00,ônibus 11,linha 202,-23.551767,-46.63665,14,23,4,0,lenta,-1
2024-03-23 16:32:00,ônibus 16,linha 404,-23.558341,-46.640298,10,39,16,0,lenta,-1
2024-03-06 07:47:00,ônibus 26,linha 303,-23.565103,-46.675626,17,17,7,0,lenta,-1
2024-03-09 20:37:00,ônibus 11,linha 505,-23.576441,-46.653721,16,85,20,0,lenta,-1
2024-03-20 07:33:00,ônibus 26,linha 505,-23.579521,-46.65267,28,81,7,0,lenta,0
2024-03-11 19:31:00,ônibus 4,linha 505,-23.573248,-46.646074,24,10,19,0,lenta,-1
2024-03-28 08:54:00,ônibus 12,linha 303,-23.567584,-46.678374,25,28,8,0,lenta,-1
2024-03-21 03:11:00,ônibus 11,linha 404,-23.584197,-46.65882,6,71,3,0,lenta,-1
2024-03-18 11:06:00,ônibus 9,linha 101,-23.564425,-46.659756,39,25,11,1,rapida,-1
2024-03-03 03:32:00,ônibus 11,linha 303,-23.579806,-46.658908,23,58,3,0,lenta,0
2024-03-15 03:33:00,ônibus 27,linha 202,-23.578795,-46.654124,6,59,3,0,lenta,-1
2024-03-19 17:04:00,ônibus 9,linha 101,-23.564579,-46.671327,37,16,17,1,rapida,-1
2024-03-02 07:16:00,ônibus 16,linha 101,-23.599574,-46.632374,23,60,7,0,lenta,-1
2024-03-21 01:51:00,ônibus 8,linha 101,-23.551112,-46.646285,17,14,1,0,lenta,-1
2024-03-25 13:51:00,ônibus 9,linha 404,-23.559135,-46.64821,35,57,13,1,rapida,-1
2024-03-29 08:52:00,ônibus 11,linha 303,-23.559793,-46.676791,32,27,8,1,rapida,-1
2024-03-22 18:27:00,ônibus 6,linha 303,-23.586411,-46.66172,14,78,18,0,lenta,-1
2024-03-08 13:26:00,ônibus 26,linha 505,-23.579995,-46.663685,8,52,13,0,lenta,-1
2024-03-11 06:39:00,ônibus 4,linha 202,-23.577283,-46.645462,2,88,6,0,lenta,-1
2024-03-21 07:29:00,ônibus 18,linha 101,-23.579704,-46.659323,26,68,7,0,lenta,-1
2024-03-02 02:40:00,ônibus 18,linha 101,-23.557366,-46.662905,23,27,2,0,lenta,-1
2024-03-27 11:52:00,ônibus 14,linha 303,-23.571558,-46.659925,29,71,11,0,lenta,-1
2024-03-01 07:32:00,ônibus 13,linha 101,-23.590081,-46.672337,34,75,7,1,rapida,-1
2024-03-20 14:59:00,ônibus 20,linha 303,-23.563783,-46.661368,14,56,14,0,lenta,-1
2024-03-20 19:12:00,ônibus 2,linha 202,-23.585714,-46.654367,7,67,19,0,lenta,-1
2024-03-01 05:02:00,ônibus 7,linha 202,-23.566528,-46.661806,28,63,5,0,lenta,-1
2024-03-25 12:05:00,ônibus 20,linha 202,-23.598524,-46.673827,4,47,12,0,lenta,-1
2024-03-19 01:08:00,ônibus 10,linha 202,-23.597691,-46.630381,35,46,1,1,rapida,-1
2024-03-26 02:06:00,ônibus 11,linha 505,-23.57786,-46.670275,23,64,2,0,lenta,-1
2024-03-21 11:37:00,ônibus 6,linha 404,-23.559976,-46.633139,6,84,11,0,lenta,-1
2024-03-11 05:03:00,ônibus 27,linha 101,-23.569237,-46.660548,38,30,5,1,rapida,-1
2024-03-17 16:18:00,ônibus 13,linha 202,-23.574661,-46.630367,23,19,16,0,lenta,-1
2024-03-17 20:12:00,ônibus 19,linha 505,-23.567509,-46.660837,6,64,20,0,lenta,-1
2024-03-17 11:00:00,ônibus 10,linha 303,-23.57168,-46.652904,36,12,11,1,rapida,-1
2024-03-31 04:46:00,ônibus 25,linha 303,-23.558901,-46.672056,7,50,4,0,lenta,-1
2024-03-18 12:21:00,ônibus 27,linha 505,-23.578502,-46.63784,39,36,12,1,rapida,-1
2024-03-12 01:26:00,ônibus 27,linha 101,-23.586055,-46.677867,5,43,1,0,lenta,-1
2024-03-10 03:36:00,ônibus 8,linha 202,-23.560163,-46.661283,20,83,3,0,lenta,-1
2024-03-19 15:48:00,ônibus 12,linha 101,-23.567649,-46.648211,9,46,15,0,lenta,-1
2024-03-14 17:56:00,ônibus 9,linha 202,-23.586044,-46.677809,27,88,17,0,lenta,-1
2024-03-07 12:34:00,ônibus 28,linha 404,-23.550324,-46.635721,8,11,12,0,lenta,-1
2024-03-02 20:30:00,ônibus 6,linha 303,-23.584182,-46.637312,35,60,20,1,rapida,-1
2024-03-06 22:54:00,ônibus 17,linha 202,-23.551494,-46.675462,11,59,22,0,lenta,-1
2024-03-13 13:22:00,ônibus 10,linha 303,-23.584672,-46.649597,35,45,13,1,rapida,-1
2024-03-21 05:30:00,ônibus 11,linha 303,-23.588158,-46.650668,27,10,5,0,lenta,-1
2024-03-30 16:04:00,ônibus 10,linha 303,-23.585418,-46.649056,22,58,16,0,lenta,-1
2024-03-10 17:35:00,ônibus 8,linha 303,-23.551794,-46.657807,24,60,17,0,lenta,-1
2024-03-29 15:19:00,ônibus 1,linha 404,-23.566248,-46.657396,38,89,15,1,rapida,-1
2024-03-13 00:22:00,ônibus 29,linha 303,-23.580224,-46.652408,25,23,0,0,lenta,-1
2024-03-10 07:43:00,ônibus 27,linha 303,-23.592655,-46.634724,27,29,7,0,lenta,-1
2024-03-18 11:12:00,ônibus 13,linha 101,-23.593194,-46.65405,31,32,11,1,rapida,-1
2024-03-25 04:41:00,ônibus 22,linha 101,-23.593593,-46.670542,22,19,4,0,lenta,-1
2024-03-13 10:07:00,ônibus 24,linha 202,-23.591288,-46.67088,3,23,10,0,lenta,-1
2024-03-27 02:27:00,ônibus 29,linha 404,-23.555917,-46.643918,36,15,2,1,rapida,-1
2024-03-14 03:34:00,ônibus 26,linha 202,-23.565593,-46.639206,9,49,3,0,lenta,0
2024-03-08 20:47:00,ônibus 28,linha 505,-23.559452,-46.668974,28,58,20,0,lenta,-1
2024-03-04 06:53:00,ônibus 11,linha 202,-23.569607,-46.67666,16,43,6,0,lenta,-1
2024-03-22 18:18:00,ônibus 22,linha 101,-23.569393,-46.6448,24,39,18,0,lenta,0
2024-03-31 01:11:00,ônibus 17,linha 505,-23.596235,-46.64491,7,25,1,0,lenta,-1
2024-03-02 06:56:00,ônibus 1,linha 202,-23.559101,-46.655111,12,86,6,0,lenta,-1
2024-03-10 14:15:00,ônibus 16,linha 505,-23.563258,-46.654182,33,64,14,1,rapida,-1
2024-03-01 12:03:00,ônibus 30,linha 303,-23.583831,-46.664484,29,15,12,0,lenta,-1
2024-03-22 20:37:00,ônibus 26,linha 303,-23.597482,-46.648431,35,14,20,1,rapida,-1
2024-03-16 19:28:00,ônibus 14,linha 505,-23.561943,-46.663273,5,56,19,0,lenta,0
2024-03-19 13:15:00,ônibus 22,linha 101,-23.581968,-46.633525,28,50,13,0,lenta,-1
2024-03-04 17:04:00,ônibus 18,linha 202,-23.550168,-46.662401,33,14,17,1,rapida,-1
2024-03-07 03:13:00,ônibus 7,linha 101,-23.59117,-46.64197,35,20,3,1,rapida,-1
2024-03-18 20:29:00,ônibus 13,linha 303,-23.576009,-46.672587,10,80,20,0,lenta,-1
2024-03-29 05:37:00,ônibus 30,linha 101,-23.555158,-46.653461,29,17,5,0,lenta,-1
2024-03-27 18:04:00,ônibus 10,linha 404,-23.585648,-46.665949,17,16,18,0,lenta,-1
2024-03-08 02:09:00,ônibus 6,linha 404,-23.584737,-46.669735,38,33,2,1,rapida,-1
2024-03-20 01:36:00,ônibus 11,linha 505,-23.5627,-46.63108,27,82,1,0,lenta,-1
2024-03-25 10:29:00,ônibus 1,linha 505,-23.582763,-46.677255,11,72,10,0,lenta,-1
2024-03-24 23:40:00,ônibus 26,linha 202,-23.589054,-46.632417,37,87,23,1,rapida,-1
2024-03-13 07:51:00,ônibus 26,linha 303,-23.5781,-46.649595,35,69,7,1,rapida,-1
2024-03-23 00:23:00,ônibus 2,linha 101,-23.575588,-46.652268,17,77,0,0,lenta,-1
2024-03-12 03:58:00,ônibus 22,linha 303,-23.561614,-46.654743,6,90,3,0,lenta,-1
2024-03-29 11:22:00,ônibus 13,linha 101,-23.555474,-46.669483,35,71,11,1,rapida,-1
2024-03-15 16:46:00,ônibus 12,linha 404,-23.556934,-46.664191,15,13,16,0,lenta,-1
2024-03-07 17:05:00,ônibus 27,linha 404,-23.559621,-46.671945,19,53,17,0,lenta,-1
2024-03-19 01:39:00,ônibus 8,linha 101,-23.567086,-46.664426,21,88,1,0,lenta,-1
2024-03-21 19:28:00,ônibus 24,linha 404,-23.555569,-46.665385,14,33,19,0,lenta,-1
2024-03-28 03:56:00,ônibus 21,linha 202,-23.558297,-46.675467,40,53,3,1,rapida,-1
2024-03-24 03:51:00,ônibus 17,linha 404,-23.58548,-46.679942,4,53,3,0,lenta,-1
2024-03-19 06:43:00,ônibus 29,linha 404,-23.596121,-46.641625,20,58,6,0,lenta,-1
2024-03-10 19:04:00,ônibus 7,linha 404,-23.580511,-46.63555,25,17,19,0,lenta,-1
2024-03-22 03:31:00,ônibus 15,linha 101,-23.596187,-46.656833,27,42,3,0,lenta,-1
2024-03-10 16:14:00,ônibus 1,linha 101,-23.593906,-46.643073,20,19,16,0,lenta,-1
2024-03-18 05:13:00,ônibus 23,linha 303,-23.585881,-46.646311,0,14,5,0,lenta,-1
2024-03-26 16:38:00,ônibus 25,linha 303,-23.556196,-46.6526,36,47,16,1,rapida,-1
2024-03-21 09:06:00,ônibus 26,linha 404,-23.596643,-46.661217,38,22,9,1,rapida,-1
2024-03-30 21:15:00,ônibus 6,linha 202,-23.56443,-46.63292,38,25,21,1,rapida,-1
2024-03-18 05:47:00,ônibus 5,linha 202,-23.582892,-46.639844,4,13,5,0,lenta,-1
2024-03-25 07:02:00,ônibus 28,linha 303,-23.596578,-46.650458,3,85,7,0,lenta,-1
2024-03-23 11:20:00,ônibus 20,linha 303,-23.58234,-46.641563,36,30,11,1,rapida,-1
2024-03-03 20:45:00,ônibus 7,linha 202,-23.588735,-46.630113,25,27,20,0,lenta,-1
2024-03-04 12:04:00,ônibus 15,linha 404,-23.586118,-46.675776,26,77,12,0,lenta,-1
2024-03-14 05:45:00,ônibus 30,linha 404,-23.581233,-46.645988,3,35,5,0,lenta,0
2024-03-25 04:47:00,ônibus 23,linha 303,-23.595049,-46.653554,36,30,4,1,rapida,-1
2024-03-09 07:37:00,ônibus 23,linha 404,-23.578571,-46.647493,8,14,7,0,lenta,-1
2024-03-25 05:50:00,ônibus 29,linha 505,-23.569829,-46.650625,35,73,5,1,rapida,-1
2024-03-25 17:01:00,ônibus 10,linha 101,-23.558323,-46.650699,20,46,17,0,lenta,-1
2024-03-02 12:34:00,ônibus 6,linha 101,-23.588439,-46.631396,15,66,12,0,lenta,-1
2024-03-19 08:08:00,ônibus 24,linha 101,-23.582349,-46.678786,28,56,8,0,lenta,-1
2024-03-22 15:36:00,ônibus 9,linha 404,-23.55141,-46.638574,8,22,15,0,lenta,-1
2024-03-22 02:17:00,ônibus 14,linha 101,-23.586926,-46.642376,24,80,2,0,lenta,-1
2024-03-06 13:03:00,ônibus 15,linha 202,-23.568628,-46.672059,1,22,13,0,lenta,-1
2024-03-18 20:58:00,ônibus 10,linha 505,-23.588331,-46.635171,25,15,20,0,lenta,-1
2024-03-24 03:10:00,ônibus 23,linha 101,-23.57392,-46.674142,34,76,3,1,rapida,-1
2024-03-17 00:24:00,ônibus 23,linha 101,-23.590191,-46.657649,10,20,0,0,lenta,-1
2024-03-01 12:32:00,ônibus 2,linha 505,-23.580901,-46.667312,6,55,12,0,lenta,-1
2024-03-01 19:08:00,ônibus 13,linha 303,-23.554666,-46.654509,22,51,19,0,lenta,-1
2024-03-05 23:10:00,ônibus 23,linha 101,-23.554031,-46.642212,1,49,23,0,lenta,-1
2024-03-11 10:18:00,ônibus 28,linha 404,-23.559761,-46.669145,13,65,10,0,lenta,-1
2024-03-11 23:44:00,ônibus 11,linha 303,-23.564555,-46.633089,21,70,23,0,lenta,-1
2024-03-22 07:08:00,ônibus 22,linha 303,-23.55598,-46.673499,23,30,7,0,lenta,-1
2024-03-10 21:52:00,ônibus 21,linha 101,-23.596852,-46.645157,36,28,21,1,rapida,-1
2024-03-15 09:07:00,ônibus 6,linha 101,-23.551137,-46.670095,30,59,9,1,rapida,-1
2024-03-24 01:18:00,ônibus 29,linha 202,-23.581075,-46.642798,14,15,1,0,lenta,-1
2024-03-01 13:02:00,ônibus 4,linha 505,-23.554713,-46.63525,23,20,13,0,lenta,-1
2024-03-25 08:24:00,ônibus 1,linha 404,-23.570129,-46.637071,37,14,8,1,rapida,-1
2024-03-22 10:37:00,ônibus 21,linha 101,-23.59051,-46.646488,1,87,10,0,lenta,-1
2024-03-29 02:05:00,ônibus 17,linha 101,-23.564596,-46.662444,37,68,2,1,rapida,-1
2024-03-11 22:16:00,ônibus 26,linha 505,-23.561341,-46.662827,17,51,22,0,lenta,-1
2024-03-20 04:41:00,ônibus 1,linha 101,-23.55646,-46.637254,26,13,4,0,lenta,-1
2024-03-22 20:28:00,ônibus 22,linha 303,-23.572263,-46.654443,16,11,20,0,lenta,-1
2024-03-22 12:26:00,ônibus 13,linha 303,-23.576855,-46.637652,19,59,12,0,lenta,0
2024-03-02 09:39:00,ônibus 19,linha 404,-23.565167,-46.633971,8,13,9,0,lenta,-1
2024-03-16 09:30:00,ônibus 21,linha 303,-23.555841,-46.669925,2,70,9,0,lenta,-1
2024-03-20 11:16:00,ônibus 29,linha 303,-23.581271,-46.653795,5,16,11,0,lenta,-1
2024-03-01 06:52:00,ônibus 27,linha 505,-23.574971,-46.652894,35,36,6,1,rapida,0
2024-03-11 21:16:00,ônibus 20,linha 505,-23.565158,-46.641838,10,90,21,0,lenta,-1
2024-03-05 09:47:00,ônibus 22,linha 505,-23.572794,-46.665066,29,37,9,0,lenta,-1
2024-03-19 09:22:00,ônibus 30,linha 202,-23.583217,-46.635732,2,17,9,0,lenta,-1
2024-03-14 11:43:00,ônibus 11,linha 505,-23.564806,-46.674301,5,82,11,0,lenta,-1
2024-03-13 04:16:00,ônibus 2,linha 202,-23.558863,-46.669265,9,36,4,0,lenta,-1
2024-03-19 10:10:00,ônibus 16,linha 202,-23.552876,-46.676301,29,15,10,0,lenta,-1
2024-03-28 13:10:00,ônibus 5,linha 202,-23.577701,-46.647282,13,57,13,0,lenta,-1
2024-03-26 05:30:00,ônibus 25,linha 505,-23.581044,-46.665029,19,45,5,0,lenta,-1
2024-03-20 14:27:00,ônibus 16,linha 101,-23.550252,-46.645968,35,18,14,1,rapida,-1
2024-03-28 04:07:00,ônibus 4,linha 404,-23.595268,-46.648896,28,62,4,0,lenta,-1
2024-03-15 14:34:00,ônibus 27,linha 303,-23.595692,-46.659379,17,69,14,0,lenta,0
2024-03-01 09:57:00,ônibus 2,linha 404,-23.556068,-46.670661,33,36,9,1,rapida,-1
2024-03-22 20:01:00,ônibus 12,linha 202,-23.594764,-46.637534,36,58,20,1,rapida,-1
2024-03-26 18:16:00,ônibus 27,linha 101,-23.588855,-46.660358,30,78,18,1,rapida,-1
2024-03-24 08:38:00,ônibus 20,linha 505,-23.55406,-46.664308,3,35,8,0,lenta,-1
2024-03-28 00:59:00,ônibus 3,linha 202,-23.557688,-46.63063,30,85,0,1,rapida,-1
2024-03-03 19:33:00,ônibus 27,linha 101,-23.594663,-46.634784,32,84,19,1,rapida,-1
2024-03-16 06:35:00,ônibus 22,linha 505,-23.586943,-46.661172,5,73,6,0,lenta,-1
2024-03-01 14:43:00,ônibus 19,linha 303,-23.589544,-46.656453,1,83,14,0,lenta,-1
2024-03-04 17:05:00,ônibus 11,linha 202,-23.550433,-46.638435,33,23,17,1,rapida,-1
2024-03-24 06:57:00,ônibus 15,linha 202,-23.579767,-46.668814,3,53,6,0,lenta,-1
2024-03-19 08:19:00,ônibus 25,linha 505,-23.599056,-46.63023,8,72,8,0,lenta,-1
2024-03-01 18:33:00,ônibus 29,linha 303,-23.578425,-46.678345,14,67,18,0,lenta,-1
2024-03-08 22:33:00,ônibus 24,linha 202,-23.577438,-46.637021,21,26,22,0,lenta,1
2024-03-18 16:00:00,ônibus 18,linha 101,-23.575286,-46.645918,7,49,16,0,lenta,-1
2024-03-13 11:49:00,ônibus 29,linha 303,-23.563684,-46.648755,21,63,11,0,lenta,-1
2024-03-21 10:38:00,ônibus 28,linha 404,-23.581905,-46.649768,6,45,10,0,lenta,-1
2024-03-17 22:29:00,ônibus 13,linha 505,-23.566064,-46.638039,14,17,22,0,lenta,-1
2024-03-04 04:10:00,ônibus 10,linha 303,-23.552208,-46.63252,29,52,4,0,lenta,-1
2024-03-20 14:50:00,ônibus 2,linha 101,-23.598574,-46.653368,26,56,14,0,lenta,-1
2024-03-17 22:30:00,ônibus 5,linha 505,-23.56117,-46.632938,26,81,22,0,lenta,-1
2024-03-17 10:59:00,ônibus 8,linha 404,-23.555268,-46.634878,38,26,10,1,rapida,-1
2024-03-08 17:56:00,ônibus 17,linha 404,-23.569,-46.672828,5,38,17,0,lenta,-1
2024-03-24 20:53:00,ônibus 27,linha 101,-23.55193,-46.649799,11,37,20,0,lenta,-1
2024-03-03 11:48:00,ônibus 1,linha 202,-23.596442,-46.678982,4,87,11,0,lenta,-1
2024-03-19 22:40:00,ônibus 27,linha 202,-23.561457,-46.67019,18,47,22,0,lenta,-1
2024-03-26 22:49:00,ônibus 12,linha 303,-23.555024,-46.638849,2,25,22,0,lenta,-1
2024-03-30 14:14:00,ônibus 20,linha 202,-23.550183,-46.679478,35,22,14,1,rapida,-1
2024-03-11 09:01:00,ônibus 8,linha 404,-23.597559,-46.66001,13,73,9,0,lenta,-1
2024-03-12 11:59:00,ônibus 16,linha 202,-23.56948,-46.642546,4,62,11,0,lenta,-1
2024-03-21 04:42:00,ônibus 3,linha 404,-23.591175,-46.670444,10,43,4,0,lenta,0
2024-03-09 08:11:00,ônibus 10,linha 404,-23.576805,-46.659394,8,16,8,0,lenta,-1
2024-03-02 07:43:00,ônibus 8,linha 303,-23.570213,-46.646625,18,18,7,0,lenta,-1
2024-03-13 12:21:00,ônibus 12,linha 202,-23.593432,-46.664801,5,80,12,0,lenta,-1
2024-03-08 17:26:00,ônibus 17,linha 101,-23.575562,-46.634383,35,62,17,1,rapida,-1
2024-03-22 03:44:00,ônibus 27,linha 505,-23.595682,-46.658992,11,12,3,0,lenta,-1
2024-03-05 00:47:00,ônibus 18,linha 505,-23.577593,-46.65407,33,78,0,1,rapida,-1
2024-03-07 06:33:00,ônibus 30,linha 202,-23.587028,-46.667453,21,47,6,0,lenta,-1
2024-03-03 15:07:00,ônibus 30,linha 303,-23.575596,-46.646986,18,28,15,0,lenta,1
2024-03-10 10:51:00,ônibus 4,linha 202,-23.563569,-46.650184,8,39,10,0,lenta,-1
2024-03-30 06:43:00,ônibus 8,linha 505,-23.594517,-46.670421,23,34,6,0,lenta,-1
2024-03-05 23:21:00,ônibus 26,linha 404,-23.556778,-46.630668,7,81,23,0,lenta,-1
2024-03-05 01:47:00,ônibus 3,linha 303,-23.592931,-46.666686,11,31,1,0,lenta,-1
2024-03-18 22:46:00,ônibus 14,linha 303,-23.57078,-46.635865,21,53,22,0,lenta,-1
2024-03-17 16:35:00,ônibus 28,linha 202,-23.575907,-46.648876,12,89,16,0,lenta,-1
2024-03-21 02:36:00,ônibus 19,linha 505,-23.583146,-46.651567,10,53,2,0,lenta,-1
2024-03-02 16:46:00,ônibus 12,linha 303,-23.556735,-46.647407,17,39,16,0,lenta,-1
2024-03-07 17:05:00,ônibus 11,linha 303,-23.554252,-46.664541,13,28,17,0,lenta,-1
2024-03-26 10:06:00,ônibus 21,linha 303,-23.583973,-46.658745,15,47,10,0,lenta,-1
2024-03-06 15:02:00,ônibus 1,linha 101,-23.578632,-46.64878,2,15,15,0,lenta,-1
2024-03-07 18:23:00,ônibus 8,linha 101,-23.592706,-46.65772,23,81,18,0,lenta,-1
2024-03-04 05:46:00,ônibus 7,linha 303,-23.596238,-46.639557,28,22,5,0,lenta,-1
2024-03-28 18:00:00,ônibus 26,linha 505,-23.567738,-46.637915,32,58,18,1,rapida,-1
2024-03-23 05:11:00,ônibus 20,linha 101,-23.595196,-46.648394,32,27,5,1,rapida,-1
2024-03-29 04:03:00,ônibus 5,linha 505,-23.598645,-46.653687,8,46,4,0,lenta,-1
2024-03-24 20:44:00,ônibus 22,linha 303,-23.562561,-46.640434,31,64,20,1,rapida,-1
2024-03-09 11:22:00,ônibus 30,linha 505,-23.565352,-46.640957,5,36,11,0,lenta,-1
2024-03-13 00:20:00,ônibus 20,linha 404,-23.578175,-46.678803,38,87,0,1,rapida,-1
2024-03-30 21:10:00,ônibus 22,linha 404,-23.560132,-46.630013,40,31,21,1,rapida,-1
2024-03-20 02:48:00,ônibus 16,linha 303,-23.584101,-46.673685,36,89,2,1,rapida,-1
2024-03-21 08:38:00,ônibus 18,linha 404,-23.580543,-46.633772,16,57,8,0,lenta,-1
2024-03-12 18:36:00,ônibus 3,linha 202,-23.57213,-46.637887,12,46,18,0,lenta,-1
2024-03-08 23:45:00,ônibus 19,linha 505,-23.561193,-46.636818,36,49,23,1,rapida,-1
2024-03-07 01:38:00,ônibus 2,linha 303,-23.552655,-46.678339,7,66,1,0,lenta,-1
2024-03-27 10:18:00,ônibus 11,linha 404,-23.551818,-46.638173,30,86,10,1,rapida,-1
2024-03-18 15:35:00,ônibus 21,linha 202,-23.58566,-46.668828,39,17,15,1,rapida,-1
2024-03-22 05:53:00,ônibus 7,linha 101,-23.55824,-46.639339,14,29,5,0,lenta,-1
2024-03-18 20:39:00,ônibus 26,linha 303,-23.586822,-46.652018,3,22,20,0,lenta,-1
2024-03-06 23:17:00,ônibus 28,linha 101,-23.596377,-46.653154,21,63,23,0,lenta,-1
2024-03-10 00:49:00,ônibus 12,linha 202,-23.566753,-46.674659,18,79,0,0,lenta,-1
2024-03-08 23:07:00,ônibus 9,linha 404,-23.595748,-46.631639,21,47,23,0,lenta,-1
2024-03-20 03:30:00,ônibus 14,linha 404,-23.554066,-46.640084,40,62,3,1,rapida,-1
2024-03-29 10:07:00,ônibus 3,linha 101,-23.589144,-46.662746,18,83,10,0,lenta,0
2024-03-14 20:40:00,ônibus 14,linha 505,-23.551602,-46.657047,17,60,20,0,lenta,-1
2024-03-22 00:16:00,ônibus 12,linha 303,-23.574794,-46.679703,35,82,0,1,rapida,-1
2024-03-12 22:31:00,ônibus 23,linha 404,-23.584537,-46.634156,33,45,22,1,rapida,-1
2024-03-24 20:53:00,ônibus 24,linha 505,-23.585391,-46.645664,36,35,20,1,rapida,-1
2024-03-13 10:50:00,ônibus 11,linha 505,-23.566456,-46.642266,6,10,10,0,lenta,-1
2024-03-15 11:51:00,ônibus 1,linha 101,-23.597541,-46.642641,8,52,11,0,lenta,-1
2024-03-21 19:29:00,ônibus 29,linha 202,-23.581418,-46.669113,27,84,19,0,lenta,-1
2024-03-27 11:14:00,ônibus 11,linha 505,-23.576121,-46.671719,31,19,11,1,rapida,-1
2024-03-13 07:16:00,ônibus 23,linha 101,-23.587106,-46.638087,29,88,7,0,lenta,-1
2024-03-18 08:19:00,ônibus 30,linha 404,-23.588855,-46.667114,22,89,8,0,lenta,-1
2024-03-06 22:00:00,ônibus 13,linha 505,-23.569148,-46.677864,11,69,22,0,lenta,-1
2024-03-30 10:22:00,ônibus 3,linha 404,-23.563855,-46.643069,5,11,10,0,lenta,-1
2024-03-25 20:55:00,ônibus 22,linha 404,-23.554313,-46.677132,25,42,20,0,lenta,-1
2024-03-06 02:32:00,ônibus 18,linha 404,-23.576759,-46.631178,39,66,2,1,rapida,-1
2024-03-01 23:03:00,ônibus 3,linha 202,-23.57401,-46.63065,24,83,23,0,lenta,-1
2024-03-21 21:37:00,ônibus 30,linha 505,-23.576203,-46.668909,27,84,21,0,lenta,-1
2024-03-06 21:55:00,ônibus 18,linha 505,-23.564507,-46.6613,24,61,21,0,lenta,-1
2024-03-05 03:43:00,ônibus 29,linha 101,-23.58845,-46.663483,3,38,3,0,lenta,-1
2024-03-27 00:49:00,ônibus 22,linha 505,-23.559029,-46.640834,24,66,0,0,lenta,-1
2024-03-07 05:02:00,ônibus 2,linha 202,-23.565123,-46.639866,7,88,5,0,lenta,-1
2024-03-06 08:08:00,ônibus 25,linha 505,-23.564357,-46.642108,18,40,8,0,lenta,-1
2024-03-20 23:26:00,ônibus 6,linha 202,-23.581558,-46.647014,34,25,23,1,rapida,-1
2024-03-04 09:04:00,ônibus 27,linha 303,-23.577205,-46.648882,3,61,9,0,lenta,-1
2024-03-04 14:54:00,ônibus 7,linha 303,-23.581649,-46.661553,28,60,14,0,lenta,-1
2024-03-06 18:49:00,ônibus 23,linha 404,-23.59107,-46.671418,7,14,18,0,lenta,-1
2024-03-25 04:01:00,ônibus 28,linha 505,-23.599687,-46.660444,38,13,4,1,rapida,-1
2024-03-26 08:34:00,ônibus 22,linha 303,-23.559333,-46.672068,20,18,8,0,lenta,0
2024-03-09 21:13:00,ônibus 3,linha 303,-23.59708,-46.659274,15,60,21,0,lenta,-1
2024-03-28 14:27:00,ônibus 8,linha 202,-23.586471,-46.677709,15,64,14,0,lenta,-1
2024-03-02 11:46:00,ônibus 10,linha 101,-23.559118,-46.668781,36,69,11,1,rapida,-1
2024-03-16 19:41:00,ônibus 13,linha 505,-23.586126,-46.631843,0,52,19,0,lenta,-1
2024-03-22 12:53:00,ônibus 4,linha 101,-23.559879,-46.665005,28,58,12,0,lenta,-1
2024-03-29 08:14:00,ônibus 11,linha 303,-23.596351,-46.676342,27,36,8,0,lenta,-1
2024-03-19 20:24:00,ônibus 4,linha 505,-23.594695,-46.631411,13,77,20,0,lenta,-1
2024-03-03 21:32:00,ônibus 20,linha 303,-23.595308,-46.6702,19,72,21,0,lenta,-1
2024-03-08 23:49:00,ônibus 29,linha 202,-23.580339,-46.633377,36,79,23,1,rapida,-1
2024-03-24 07:21:00,ônibus 10,linha 202,-23.571167,-46.650131,1,54,7,0,lenta,-1
2024-03-24 09:23:00,ônibus 23,linha 404,-23.588716,-46.669555,31,29,9,1,rapida,-1
2024-03-27 09:57:00,ônibus 25,linha 202,-23.597856,-46.632211,14,56,9,0,lenta,-1
2024-03-25 20:09:00,ônibus 7,linha 202,-23.592462,-46.650717,30,37,20,1,rapida,-1
2024-03-08 05:20:00,ônibus 12,linha 404,-23.574075,-46.642877,32,30,5,1,rapida,-1
2024-03-04 02:32:00,ônibus 20,linha 303,-23.587244,-46.644645,16,82,2,0,lenta,-1
2024-03-25 17:18:00,ônibus 21,linha 202,-23.595621,-46.643978,24,44,17,0,lenta,-1
2024-03-10 23:38:00,ônibus 10,linha 101,-23.563661,-46.672037,9,81,23,0,lenta,-1
2024-03-19 03:58:00,ônibus 20,linha 202,-23.55187,-46.675727,2,81,3,0,lenta,-1
2024-03-04 16:07:00,ônibus 26,linha 202,-23.580765,-46.65631,3,24,16,0,lenta,1
2024-03-05 16:28:00,ônibus 9,linha 303,-23.599555,-46.655888,8,87,16,0,lenta,-1
2024-03-26 16:47:00,ônibus 10,linha 505,-23.575534,-46.663902,8,82,16,0,lenta,-1
2024-03-27 22:33:00,ônibus 1,linha 505,-23.569812,-46.6634,27,79,22,0,lenta,-1
2024-03-21 07:35:00,ônibus 27,linha 101,-23.566632,-46.675478,13,69,7,0,lenta,-1
2024-03-09 12:02:00,ônibus 21,linha 101,-23.567668,-46.637185,33,32,12,1,rapida,-1
2024-03-12 07:11:00,ônibus 6,linha 202,-23.598152,-46.677576,37,53,7,1,rapida,-1
2024-03-20 11:42:00,ônibus 22,linha 404,-23.55645,-46.66638,0,21,11,0,lenta,-1
2024-03-02 13:09:00,ônibus 4,linha 202,-23.563534,-46.659571,28,48,13,0,lenta,0
2024-03-07 06:54:00,ônibus 19,linha 303,-23.587718,-46.664792,19,61,6,0,lenta,-1
2024-03-24 01:39:00,ônibus 29,linha 505,-23.586699,-46.660443,2,37,1,0,lenta,0
2024-03-09 13:52:00,ônibus 20,linha 202,-23.593663,-46.653771,35,57,13,1,rapida,-1
2024-03-10 06:09:00,ônibus 19,linha 404,-23.581051,-46.664483,34,48,6,1,rapida,0
2024-03-25 13:44:00,ônibus 16,linha 303,-23.572857,-46.654222,12,23,13,0,lenta,-1
2024-03-11 22:21:00,ônibus 8,linha 303,-23.594472,-46.648523,6,69,22,0,lenta,-1
2024-03-20 18:07:00,ônibus 16,linha 505,-23.572749,-46.65409,38,10,18,1,rapida,-1
2024-03-19 01:13:00,ônibus 16,linha 202,-23.551838,-46.647313,10,14,1,0,lenta,-1
2024-03-19 01:24:00,ônibus 21,linha 101,-23.571973,-46.641717,0,83,1,0,lenta,-1
2024-03-23 11:11:00,ônibus 19,linha 303,-23.55493,-46.654444,37,69,11,1,rapida,-1
2024-03-02 02:38:00,ônibus 13,linha 404,-23.593159,-46.631962,33,87,2,1,rapida,-1
2024-03-05 20:00:00,ônibus 11,linha 303,-23.58376,-46.670249,14,58,20,0,lenta,-1
2024-03-23 02:29:00,ônibus 6,linha 101,-23.576752,-46.639806,12,11,2,0,lenta,-1
2024-03-27 02:37:00,ônibus 29,linha 101,-23.574007,-46.631064,31,27,2,1,rapida,-1
2024-03-18 15:06:00,ônibus 20,linha 101,-23.572182,-46.666443,28,23,15,0,lenta,-1
2024-03-27 13:22:00,ônibus 13,linha 202,-23.596878,-46.636843,24,13,13,0,lenta,-1
2024-03-21 07:32:00,ônibus 8,linha 404,-23.558287,-46.677318,39,51,7,1,rapida,-1
2024-03-15 20:07:00,ônibus 21,linha 101,-23.554243,-46.667587,16,14,20,0,lenta,-1
2024-03-22 06:20:00,ônibus 24,linha 404,-23.55598,-46.637882,26,55,6,0,lenta,-1
2024-03-08 10:48:00,ônibus 2,linha 505,-23.557595,-46.648608,38,49,10,1,rapida,-1
2024-03-06 09:36:00,ônibus 9,linha 404,-23.578113,-46.639424,30,90,9,1,rapida,-1
2024-03-23 05:15:00,ônibus 12,linha 505,-23.574999,-46.656343,27,24,5,0,lenta,0
2024-03-22 14:36:00,ônibus 20,linha 404,-23.571732,-46.659149,11,68,14,0,lenta,-1
2024-03-07 23:31:00,ônibus 19,linha 202,-23.571767,-46.63789,38,73,23,1,rapida,-1
2024-03-29 03:30:00,ônibus 5,linha 404,-23.598725,-46.676378,5,85,3,0,lenta,-1
2024-03-14 17:23:00,ônibus 5,linha 505,-23.56414,-46.676135,20,80,17,0,lenta,-1
2024-03-03 09:39:00,ônibus 29,linha 101,-23.578557,-46.678424,0,29,9,0,lenta,-1
2024-03-13 12:41:00,ônibus 16,linha 505,-23.596689,-46.678297,25,81,12,0,lenta,-1
2024-03-11 13:07:00,ônibus 17,linha 101,-23.558773,-46.678035,19,26,13,0,lenta,-1
2024-03-12 06:46:00,ônibus 22,linha 101,-23.567325,-46.662793,32,13,6,1,rapida,-1
2024-03-14 14:57:00,ônibus 23,linha 101,-23.553926,-46.630668,1,77,14,0,lenta,-1
2024-03-10 01:10:00,ônibus 27,linha 202,-23.595686,-46.649459,33,64,1,1,rapida,-1
2024-03-24 05:52:00,ônibus 3,linha 202,-23.590448,-46.668476,9,30,5,0,lenta,0
2024-03-08 00:11:00,ônibus 18,linha 202,-23.585199,-46.677543,25,85,0,0,lenta,-1
2024-03-12 10:16:00,ônibus 3,linha 505,-23.550225,-46.642516,0,54,10,0,lenta,-1
2024-03-27 06:37:00,ônibus 30,linha 101,-23.561573,-46.677578,38,13,6,1,rapida,-1
2024-03-25 14:02:00,ônibus 5,linha 404,-23.593559,-46.659922,32,32,14,1,rapida,-1
2024-03-30 19:08:00,ônibus 17,linha 404,-23.564006,-46.667171,8,38,19,0,lenta,-1
2024-03-18 19:02:00,ônibus 29,linha 303,-23.590206,-46.63495,36,76,19,1,rapida,-1
2024-03-10 04:04:00,ônibus 10,linha 101,-23.593585,-46.636884,35,83,4,1,rapida,-1
2024-03-08 20:49:00,ônibus 22,linha 505,-23.559615,-46.633656,38,44,20,1,rapida,-1
2024-03-14 08:15:00,ônibus 9,linha 101,-23.591417,-46.655203,30,13,8,1,rapida,-1
2024-03-19 08:17:00,ônibus 9,linha 101,-23.567177,-46.67208,23,45,8,0,lenta,-1
2024-03-05 04:57:00,ônibus 12,linha 101,-23.567764,-46.649046,31,15,4,1,rapida,-1
2024-03-27 11:46:00,ônibus 18,linha 404,-23.550501,-46.677672,28,19,11,0,lenta,-1
2024-03-21 14:30:00,ônibus 23,linha 404,-23.588044,-46.664316,28,90,14,0,lenta,-1
2024-03-19 14:14:00,ônibus 8,linha 101,-23.551224,-46.659862,21,79,14,0,lenta,-1
2024-03-16 12:25:00,ônibus 19,linha 202,-23.570235,-46.657023,16,35,12,0,lenta,-1
2024-03-31 03:17:00,ônibus 22,linha 404,-23.552706,-46.669014,1,40,3,0,lenta,-1
2024-03-30 16:37:00,ônibus 17,linha 101,-23.557742,-46.674531,35,33,16,1,rapida,-1
2024-03-07 12:07:00,ônibus 14,linha 101,-23.55524,-46.641907,6,76,12,0,lenta,-1
2024-03-02 08:52:00,ônibus 28,linha 303,-23.551055,-46.657297,5,35,8,0,lenta,-1
2024-03-05 16:12:00,ônibus 20,linha 505,-23.56113,-46.648205,27,34,16,0,lenta,-1
2024-03-30 13:09:00,ônibus 27,linha 404,-23.553647,-46.667163,20,26,13,0,lenta,-1
2024-03-19 18:11:00,ônibus 28,linha 505,-23.596651,-46.669446,17,48,18,0,lenta,-1
2024-03-21 08:17:00,ônibus 15,linha 404,-23.592043,-46.644187,30,73,8,1,rapida,-1
2024-03-08 02:40:00,ônibus 16,linha 101,-23.588019,-46.672618,9,44,2,0,lenta,0
2024-03-09 21:17:00,ônibus 19,linha 505,-23.55002,-46.665111,11,42,21,0,lenta,-1
2024-03-23 03:21:00,ônibus 2,linha 505,-23.586637,-46.645427,26,49,3,0,lenta,-1
2024-03-12 11:21:00,ônibus 2,linha 101,-23.587045,-46.632881,3,24,11,0,lenta,-1
2024-03-10 19:04:00,ônibus 8,linha 505,-23.56008,-46.667052,5,11,19,0,lenta,-1
2024-03-01 23:45:00,ônibus 29,linha 404,-23.571073,-46.654277,20,33,23,0,lenta,-1
2024-03-06 22:14:00,ônibus 12,linha 303,-23.571925,-46.654271,11,21,22,0,lenta,-1
2024-03-15 11:10:00,ônibus 27,linha 202,-23.569593,-46.678405,12,83,11,0,lenta,-1
2024-03-11 17:10:00,ônibus 16,linha 202,-23.577853,-46.67005,38,14,17,1,rapida,-1
2024-03-03 11:22:00,ônibus 6,linha 202,-23.573062,-46.638548,40,31,11,1,rapida,-1
2024-03-12 04:59:00,ônibus 20,linha 202,-23.556055,-46.671226,14,76,4,0,lenta,-1
2024-03-20 20:49:00,ônibus 19,linha 303,-23.56738,-46.672112,25,13,20,0,lenta,-1
2024-03-18 16:36:00,ônibus 7,linha 303,-23.56365,-46.649281,16,41,16,0,lenta,-1
2024-03-04 12:53:00,ônibus 13,linha 101,-23.56876,-46.642719,14,45,12,0,lenta,0
2024-03-03 21:24:00,ônibus 10,linha 202,-23.570495,-46.637381,16,73,21,0,lenta,1
2024-03-07 23:09:00,ônibus 18,linha 404,-23.574087,-46.653634,20,82,23,0,lenta,-1
2024-03-07 13:52:00,ônibus 30,linha 303,-23.589317,-46.630222,8,74,13,0,lenta,-1
2024-03-29 22:01:00,ônibus 2,linha 101,-23.574413,-46.660704,31,26,22,1,rapida,-1
2024-03-15 06:13:00,ônibus 4,linha 202,-23.564992,-46.677113,0,53,6,0,lenta,-1
2024-03-24 16:37:00,ônibus 19,linha 101,-23.562562,-46.658734,20,28,16,0,lenta,0
2024-03-06 18:25:00,ônibus 2,linha 404,-23.550738,-46.679968,13,16,18,0,lenta,-1
2024-03-24 02:15:00,ônibus 23,linha 404,-23.558882,-46.655755,15,20,2,0,lenta,-1
2024-03-18 05:12:00,ônibus 29,linha 101,-23.572724,-46.64155,7,82,5,0,lenta,0
2024-03-20 19:54:00,ônibus 19,linha 202,-23.550559,-46.660686,22,43,19,0,lenta,-1
2024-03-21 01:48:00,ônibus 18,linha 303,-23.564606,-46.677324,36,47,1,1,rapida,-1
2024-03-09 06:09:00,ônibus 17,linha 202,-23.573023,-46.677822,14,80,6,0,lenta,-1
2024-03-05 03:34:00,ônibus 11,linha 101,-23.58735,-46.671015,22,39,3,0,lenta,-1
2024-03-25 10:45:00,ônibus 11,linha 303,-23.551024,-46.633494,29,37,10,0,lenta,-1
2024-03-15 10:43:00,ônibus 27,linha 303,-23.585694,-46.674369,15,84,10,0,lenta,-1
2024-03-25 03:51:00,ônibus 11,linha 404,-23.591305,-46.671136,4,41,3,0,lenta,0
2024-03-04 13:11:00,ônibus 15,linha 505,-23.55976,-46.630922,16,24,13,0,lenta,-1
2024-03-10 11:30:00,ônibus 1,linha 505,-23.552086,-46.645228,29,48,11,0,lenta,-1
2024-03-26 11:02:00,ônibus 24,linha 202,-23.58263,-46.670277,10,57,11,0,lenta,-1
2024-03-16 12:37:00,ônibus 2,linha 303,-23.565537,-46.651697,13,24,12,0,lenta,-1
2024-03-02 19:08:00,ônibus 30,linha 404,-23.593875,-46.662681,8,16,19,0,lenta,-1
2024-03-25 19:57:00,ônibus 30,linha 505,-23.550091,-46.652839,23,57,19,0,lenta,-1
2024-03-23 18:15:00,ônibus 29,linha 101,-23.567965,-46.673047,2,29,18,0,lenta,-1
2024-03-25 11:20:00,ônibus 12,linha 404,-23.567536,-46.67404,35,70,11,1,rapida,0
2024-03-28 11:51:00,ônibus 18,linha 505,-23.558987,-46.639459,6,31,11,0,lenta,-1
2024-03-23 06:38:00,ônibus 26,linha 505,-23.584987,-46.655957,14,25,6,0,lenta,0
2024-03-10 08:32:00,ônibus 11,linha 505,-23.561087,-46.676686,16,89,8,0,lenta,-1
2024-03-23 01:08:00,ônibus 1,linha 303,-23.593609,-46.676355,10,27,1,0,lenta,-1
2024-03-20 09:07:00,ônibus 12,linha 202,-23.553313,-46.676602,29,82,9,0,lenta,-1
2024-03-08 15:45:00,ônibus 18,linha 404,-23.592796,-46.654193,7,28,15,0,lenta,-1
2024-03-16 00:36:00,ônibus 7,linha 404,-23.572726,-46.674336,16,70,0,0,lenta,-1
2024-03-24 21:10:00,ônibus 22,linha 505,-23.594682,-46.670983,4,60,21,0,lenta,-1
2024-03-23 01:05:00,ônibus 4,linha 404,-23.573686,-46.669107,28,29,1,0,lenta,-1
2024-03-03 19:14:00,ônibus 28,linha 404,-23.565649,-46.652272,26,28,19,0,lenta,0
2024-03-30 08:20:00,ônibus 5,linha 202,-23.553084,-46.636174,38,19,8,1,rapida,-1
2024-03-25 01:16:00,ônibus 22,linha 505,-23.566388,-46.639682,6,66,1,0,lenta,-1
2024-03-04 20:31:00,ônibus 28,linha 101,-23.578375,-46.668363,27,51,20,0,lenta,-1
2024-03-04 00:52:00,ônibus 20,linha 404,-23.573859,-46.668047,4,35,0,0,lenta,-1
2024-03-21 02:13:00,ônibus 20,linha 303,-23.568049,-46.655103,17,57,2,0,lenta,-1
2024-03-25 06:33:00,ônibus 20,linha 202,-23.569184,-46.654628,24,84,6,0,lenta,-1
2024-03-09 18:03:00,ônibus 16,linha 202,-23.560104,-46.669917,25,57,18,0,lenta,-1
2024-03-05 02:54:00,ônibus 1,linha 202,-23.592462,-46.649167,37,34,2,1,rapida,-1
2024-03-07 09:57:00,ônibus 11,linha 202,-23.583666,-46.634605,15,31,9,0,lenta,-1
2024-03-13 17:57:00,ônibus 15,linha 101,-23.58363,-46.670872,3,28,17,0,lenta,-1
2024-03-27 23:45:00,ônibus 18,linha 101,-23.559768,-46.63836,39,21,23,1,rapida,-1
2024-03-08 14:57:00,ônibus 12,linha 303,-23.578787,-46.650333,23,59,14,0,lenta,-1
2024-03-06 04:16:00,ônibus 21,linha 202,-23.572234,-46.667226,7,37,4,0,lenta,0
2024-03-13 02:35:00,ônibus 19,linha 202,-23.595578,-46.647096,3,43,2,0,lenta,0
2024-03-30 08:44:00,ônibus 25,linha 505,-23.583803,-46.654622,25,83,8,0,lenta,-1
2024-03-03 03:55:00,ônibus 11,linha 505,-23.572623,-46.670518,10,36,3,0,lenta,-1
2024-03-23 22:11:00,ônibus 25,linha 303,-23.598308,-46.667429,8,39,22,0,lenta,-1
2024-03-20 01:24:00,ônibus 21,linha 404,-23.599248,-46.657006,17,32,1,0,lenta,-1
2024-03-03 19:40:00,ônibus 12,linha 505,-23.550559,-46.659912,32,87,19,1,rapida,-1
2024-03-14 18:46:00,ônibus 22,linha 404,-23.577643,-46.663704,28,11,18,0,lenta,-1
2024-03-25 10:10:00,ônibus 26,linha 101,-23.58169,-46.647285,36,90,10,1,rapida,-1
2024-03-19 05:56:00,ônibus 14,linha 505,-23.599987,-46.677823,0,23,5,0,lenta,-1
2024-03-25 13:44:00,ônibus 1,linha 101,-23.593979,-46.6304,4,34,13,0,lenta,-1
2024-03-12 16:25:00,ônibus 29,linha 101,-23.593751,-46.648177,9,42,16,0,lenta,-1
2024-03-06 09:15:00,ônibus 19,linha 404,-23.596346,-46.647748,36,35,9,1,rapida,-1
2024-03-05 00:54:00,ônibus 14,linha 303,-23.585915,-46.638223,39,73,0,1,rapida,-1
2024-03-02 06:54:00,ônibus 17,linha 101,-23.562702,-46.657264,19,28,6,0,lenta,-1
2024-03-04 13:28:00,ônibus 21,linha 505,-23.597088,-46.651387,17,81,13,0,lenta,-1
2024-03-06 14:31:00,ônibus 21,linha 202,-23.578355,-46.647373,26,10,14,0,lenta,-1
2024-03-10 07:37:00,ônibus 1,linha 505,-23.579882,-46.645666,20,60,7,0,lenta,-1
2024-03-03 02:17:00,ônibus 27,linha 101,-23.579182,-46.631256,30,18,2,1,rapida,-1
2024-03-30 07:44:00,ônibus 10,linha 505,-23.562969,-46.630036,20,24,7,0,lenta,-1
2024-03-12 02:12:00,ônibus 4,linha 303,-23.554668,-46.658777,5,40,2,0,lenta,-1
2024-03-19 03:17:00,ônibus 16,linha 505,-23.577732,-46.666622,6,81,3,0,lenta,-1
2024-03-19 19:02:00,ônibus 23,linha 404,-23.585252,-46.647188,1,30,19,0,lenta,-1
2024-03-25 01:20:00,ônibus 24,linha 202,-23.553764,-46.634872,28,22,1,0,lenta,-1
2024-03-06 14:12:00,ônibus 20,linha 505,-23.598614,-46.654029,5,47,14,0,lenta,-1
2024-03-17 16:29:00,ônibus 29,linha 202,-23.55677,-46.659775,10,69,16,0,lenta,0
2024-03-15 14:20:00,ônibus 12,linha 202,-23.59018,-46.634303,5,84,14,0,lenta,-1
2024-03-05 11:16:00,ônibus 19,linha 202,-23.559826,-46.677731,17,42,11,0,lenta,-1
2024-03-06 04:12:00,ônibus 30,linha 505,-23.58866,-46.6733,22,67,4,0,lenta,-1
2024-03-11 23:52:00,ônibus 23,linha 505,-23.559568,-46.663097,33,82,23,1,rapida,-1
2024-03-25 22:03:00,ônibus 18,linha 101,-23.558821,-46.644662,25,39,22,0,lenta,-1
2024-03-19 15:35:00,ônibus 14,linha 303,-23.577662,-46.659777,16,40,15,0,lenta,-1
2024-03-28 21:20:00,ônibus 6,linha 101,-23.594096,-46.673282,38,86,21,1,rapida,-1
2024-03-15 01:29:00,ônibus 7,linha 505,-23.562272,-46.677947,15,67,1,0,lenta,-1
2024-03-10 21:39:00,ônibus 13,linha 101,-23.584969,-46.651706,1,19,21,0,lenta,-1
2024-03-25 14:23:00,ônibus 14,linha 303,-23.570031,-46.660111,11,84,14,0,lenta,-1
2024-03-05 12:33:00,ônibus 12,linha 404,-23.594186,-46.653447,22,41,12,0,lenta,0
2024-03-29 14:21:00,ônibus 29,linha 101,-23.558424,-46.654048,12,45,14,0,lenta,-1
2024-03-16 07:11:00,ônibus 6,linha 404,-23.596601,-46.659597,37,38,7,1,rapida,-1
2024-03-29 13:19:00,ônibus 28,linha 101,-23.557026,-46.651,5,88,13,0,lenta,-1
2024-03-08 02:50:00,ônibus 10,linha 303,-23.583344,-46.669706,6,11,2,0,lenta,-1
2024-03-17 17:30:00,ônibus 1,linha 303,-23.58351,-46.649691,6,85,17,0,lenta,-1
2024-03-08 10:24:00,ônibus 27,linha 404,-23.596055,-46.644247,12,62,10,0,lenta,0
2024-03-23 16:57:00,ônibus 25,linha 404,-23.570573,-46.631341,18,49,16,0,lenta,-1
2024-03-29 19:03:00,ônibus 19,linha 202,-23.561038,-46.661752,8,72,19,0,lenta,-1
2024-03-15 04:20:00,ônibus 7,linha 505,-23.597472,-46.630327,31,31,4,1,rapida,-1
2024-03-23 11:04:00,ônibus 26,linha 101,-23.580391,-46.633354,29,69,11,0,lenta,-1
2024-03-05 02:46:00,ônibus 7,linha 101,-23.595151,-46.641768,36,68,2,1,rapida,-1
2024-03-16 07:48:00,ônibus 25,linha 404,-23.5584,-46.653481,35,59,7,1,rapida,-1
2024-03-03 21:01:00,ônibus 6,linha 303,-23.571345,-46.630766,15,81,21,0,lenta,-1
2024-03-03 16:26:00,ônibus 3,linha 101,-23.563423,-46.663654,10,54,16,0,lenta,-1
2024-03-14 01:40:00,ônibus 1,linha 505,-23.593155,-46.674888,2,26,1,0,lenta,-1
2024-03-26 15:55:00,ônibus 5,linha 101,-23.599615,-46.674789,28,73,15,0,lenta,-1
2024-03-11 04:20:00,ônibus 19,linha 505,-23.595218,-46.648643,28,41,4,0,lenta,-1
2024-03-14 10:14:00,ônibus 8,linha 303,-23.58166,-46.66571,16,31,10,0,lenta,-1
2024-03-02 21:19:00,ônibus 15,linha 101,-23.584052,-46.6398,23,22,21,0,lenta,1
2024-03-16 11:18:00,ônibus 18,linha 303,-23.564305,-46.645405,27,87,11,0,lenta,-1
2024-03-03 12:20:00,ônibus 2,linha 505,-23.553041,-46.662257,4,38,12,0,lenta,-1
2024-03-22 12:15:00,ônibus 27,linha 101,-23.571857,-46.637993,29,36,12,0,lenta,-1
2024-03-02 18:37:00,ônibus 7,linha 404,-23.570603,-46.674378,1,47,18,0,lenta,-1
2024-03-20 23:19:00,ônibus 23,linha 404,-23.592377,-46.653897,6,13,23,0,lenta,-1
2024-03-18 05:50:00,ônibus 23,linha 404,-23.585324,-46.631077,16,86,5,0,lenta,-1
2024-03-05 21:00:00,ônibus 11,linha 303,-23.572565,-46.637375,38,69,21,1,rapida,-1
2024-03-16 19:42:00,ônibus 2,linha 505,-23.556899,-46.654734,0,88,19,0,lenta,-1
2024-03-21 01:52:00,ônibus 27,linha 303,-23.592521,-46.666569,26,20,1,0,lenta,-1
2024-03-12 11:31:00,ônibus 8,linha 303,-23.569577,-46.655517,26,48,11,0,lenta,-1
2024-03-07 00:30:00,ônibus 4,linha 505,-23.570916,-46.63881,20,80,0,0,lenta,-1
2024-03-16 06:55:00,ônibus 21,linha 505,-23.56078,-46.632822,31,31,6,1,rapida,-1
2024-03-10 05:44:00,ônibus 23,linha 202,-23.572773,-46.670958,22,82,5,0,lenta,-1
2024-03-02 22:44:00,ônibus 8,linha 101,-23.592606,-46.649157,5,21,22,0,lenta,-1
2024-03-15 03:45:00,ônibus 9,linha 202,-23.597595,-46.669058,14,15,3,0,lenta,-1
2024-03-26 21:59:00,ônibus 16,linha 202,-23.58709,-46.630557,33,63,21,1,rapida,-1
2024-03-24 05:37:00,ônibus 8,linha 505,-23.595256,-46.656647,23,41,5,0,lenta,-1
2024-03-02 01:17:00,ônibus 13,linha 101,-23.56885,-46.671206,20,59,1,0,lenta,-1
2024-03-09 23:45:00,ônibus 26,linha 101,-23.559104,-46.667732,40,59,23,1,rapida,-1
2024-03-21 00:22:00,ônibus 4,linha 505,-23.553948,-46.670637,8,52,0,0,lenta,-1
2024-03-24 22:59:00,ônibus 4,linha 202,-23.568513,-46.655264,14,26,22,0,lenta,-1
2024-03-18 05:45:00,ônibus 11,linha 505,-23.560558,-46.674237,29,73,5,0,lenta,-1
2024-03-17 18:42:00,ônibus 14,linha 101,-23.5927,-46.67468,1,25,18,0,lenta,-1
2024-03-24 03:44:00,ônibus 18,linha 202,-23.594381,-46.661391,3,73,3,0,lenta,-1
2024-03-08 21:26:00,ônibus 27,linha 303,-23.584283,-46.66498,31,86,21,1,rapida,-1
2024-03-25 19:45:00,ônibus 11,linha 101,-23.556032,-46.642582,24,38,19,0,lenta,1
2024-03-12 23:48:00,ônibus 26,linha 303,-23.583546,-46.657645,10,60,23,0,lenta,-1
2024-03-02 20:14:00,ônibus 15,linha 101,-23.583694,-46.678931,19,79,20,0,lenta,-1
2024-03-19 00:43:00,ônibus 5,linha 505,-23.569272,-46.667083,37,25,0,1,rapida,-1
2024-03-19 00:10:00,ônibus 10,linha 202,-23.560584,-46.669823,4,77,0,0,lenta,-1
2024-03-17 09:42:00,ônibus 11,linha 404,-23.592273,-46.662052,16,87,9,0,lenta,-1
2024-03-08 00:16:00,ônibus 1,linha 505,-23.578819,-46.673836,18,51,0,0,lenta,-1
2024-03-24 14:13:00,ônibus 7,linha 404,-23.556969,-46.630054,25,49,14,0,lenta,-1
2024-03-10 22:17:00,ônibus 26,linha 505,-23.599988,-46.645848,10,73,22,0,lenta,-1
2024-03-11 05:09:00,ônibus 3,linha 202,-23.58739,-46.655441,20,55,5,0,lenta,0
2024-03-20 03:13:00,ônibus 7,linha 303,-23.568468,-46.676838,39,70,3,1,rapida,-1
2024-03-02 04:57:00,ônibus 27,linha 101,-23.588428,-46.64686,37,62,4,1,rapida,-1
2024-03-18 03:44:00,ônibus 27,linha 303,-23.566006,-46.65373,15,21,3,0,lenta,-1
2024-03-24 15:52:00,ônibus 18,linha 101,-23.58311,-46.678593,24,53,15,0,lenta,-1
2024-03-03 14:12:00,ônibus 7,linha 505,-23.559486,-46.671984,14,31,14,0,lenta,-1
2024-03-24 07:53:00,ônibus 8,linha 101,-23.574518,-46.63632,35,18,7,1,rapida,-1
2024-03-02 15:37:00,ônibus 7,linha 505,-23.584483,-46.661331,4,46,15,0,lenta,-1
2024-03-22 23:40:00,ônibus 25,linha 101,-23.570093,-46.642579,29,51,23,0,lenta,-1
2024-03-24 01:08:00,ônibus 15,linha 404,-23.576339,-46.642781,34,77,1,1,rapida,-1
2024-03-24 21:57:00,ônibus 2,linha 505,-23.56547,-46.659455,17,71,21,0,lenta,-1
2024-03-17 08:54:00,ônibus 21,linha 404,-23.556773,-46.653732,39,34,8,1,rapida,-1
2024-03-15 21:42:00,ônibus 16,linha 303,-23.575408,-46.658667,38,21,21,1,rapida,-1
2024-03-23 11:50:00,ônibus 26,linha 303,-23.591129,-46.639985,22,69,11,0,lenta,-1
2024-03-17 06:06:00,ônibus 19,linha 303,-23.557423,-46.659141,39,10,6,1,rapida,-1
2024-03-20 10:06:00,ônibus 8,linha 202,-23.557637,-46.679164,18,26,10,0,lenta,-1
2024-03-06 16:01:00,ônibus 26,linha 505,-23.589035,-46.654637,13,41,16,0,lenta,-1
2024-03-17 00:49:00,ônibus 13,linha 404,-23.561521,-46.634699,19,22,0,0,lenta,-1
2024-03-16 06:29:00,ônibus 13,linha 202,-23.599196,-46.66315,2,48,6,0,lenta,-1
2024-03-12 18:46:00,ônibus 24,linha 202,-23.589979,-46.667162,12,25,18,0,lenta,0
2024-03-27 11:10:00,ônibus 27,linha 404,-23.595781,-46.677579,9,31,11,0,lenta,-1
2024-03-22 20:18:00,ônibus 17,linha 303,-23.557079,-46.662174,5,12,20,0,lenta,-1
2024-03-01 10:52:00,ônibus 3,linha 202,-23.568678,-46.675547,12,12,10,0,lenta,-1
2024-03-08 17:40:00,ônibus 8,linha 505,-23.580671,-46.633524,36,54,17,1,rapida,-1
2024-03-23 20:17:00,ônibus 19,linha 303,-23.586872,-46.644186,36,20,20,1,rapida,-1
2024-03-07 22:46:00,ônibus 30,linha 404,-23.593139,-46.662261,14,24,22,0,lenta,0
2024-03-11 18:06:00,ônibus 24,linha 202,-23.594096,-46.659232,5,31,18,0,lenta,-1
2024-03-12 11:52:00,ônibus 19,linha 101,-23.550036,-46.649234,34,45,11,1,rapida,-1
2024-03-08 16:04:00,ônibus 3,linha 404,-23.587891,-46.661082,37,10,16,1,rapida,-1
2024-03-11 14:56:00,ônibus 8,linha 404,-23.590222,-46.640069,25,27,14,0,lenta,-1
2024-03-16 06:20:00,ônibus 22,linha 101,-23.597908,-46.630165,34,62,6,1,rapida,-1
2024-03-10 17:28:00,ônibus 24,linha 101,-23.598878,-46.644211,37,31,17,1,rapida,-1
2024-03-19 09:00:00,ônibus 30,linha 404,-23.556095,-46.655686,33,61,9,1,rapida,-1
2024-03-08 13:45:00,ônibus 23,linha 202,-23.561152,-46.638392,27,20,13,0,lenta,-1
2024-03-23 20:08:00,ônibus 2,linha 404,-23.577966,-46.662481,35,48,20,1,rapida,-1
2024-03-14 12:42:00,ônibus 9,linha 101,-23.571688,-46.649721,32,39,12,1,rapida,0
2024-03-27 12:18:00,ônibus 24,linha 202,-23.591352,-46.667687,22,38,12,0,lenta,-1
2024-03-09 11:55:00,ônibus 20,linha 101,-23.595602,-46.657908,24,54,11,0,lenta,-1
2024-03-14 23:16:00,ônibus 1,linha 505,-23.578785,-46.631696,25,35,23,0,lenta,-1
2024-03-20 18:48:00,ônibus 9,linha 202,-23.581902,-46.637779,25,65,18,0,lenta,-1
2024-03-15 03:05:00,ônibus 11,linha 303,-23.584684,-46.677597,20,44,3,0,lenta,-1
2024-03-10 06:12:00,ônibus 28,linha 202,-23.576475,-46.679891,12,43,6,0,lenta,-1
2024-03-19 18:44:00,ônibus 2,linha 404,-23.586362,-46.67717,24,49,18,0,lenta,-1
2024-03-21 19:22:00,ônibus 11,linha 202,-23.573407,-46.653047,11,14,19,0,lenta,-1
2024-03-07 05:01:00,ônibus 9,linha 101,-23.579216,-46.647508,17,17,5,0,lenta,-1
2024-03-26 10:31:00,ônibus 24,linha 202,-23.593034,-46.661523,20,37,10,0,lenta,-1
2024-03-02 22:17:00,ônibus 4,linha 101,-23.55337,-46.64996,13,54,22,0,lenta,-1
2024-03-28 13:07:00,ônibus 30,linha 101,-23.558258,-46.637389,22,49,13,0,lenta,-1
2024-03-24 17:56:00,ônibus 27,linha 303,-23.582179,-46.670792,19,10,17,0,lenta,-1
2024-03-08 14:48:00,ônibus 19,linha 404,-23.591849,-46.665671,26,20,14,0,lenta,-1
2024-03-13 05:46:00,ônibus 8,linha 505,-23.592728,-46.677029,33,64,5,1,rapida,-1
2024-03-05 14:35:00,ônibus 6,linha 101,-23.579884,-46.667805,22,31,14,0,lenta,0
2024-03-08 08:43:00,ônibus 17,linha 202,-23.560817,-46.654389,29,76,8,0,lenta,-1
2024-03-21 10:15:00,ônibus 28,linha 505,-23.566765,-46.633473,39,72,10,1,rapida,-1
2024-03-07 13:11:00,ônibus 6,linha 101,-23.585577,-46.642099,23,47,13,0,lenta,0
2024-03-07 12:18:00,ônibus 24,linha 505,-23.560743,-46.638885,40,90,12,1,rapida,-1
2024-03-28 17:07:00,ônibus 2,linha 404,-23.564283,-46.676837,29,30,17,0,lenta,-1
2024-03-02 22:02:00,ônibus 2,linha 404,-23.556153,-46.656381,9,62,22,0,lenta,-1
2024-03-30 11:35:00,ônibus 29,linha 505,-23.592923,-46.639459,35,47,11,1,rapida,-1
2024-03-05 05:39:00,ônibus 23,linha 505,-23.566471,-46.673383,11,53,5,0,lenta,-1
2024-03-29 20:21:00,ônibus 17,linha 303,-23.554806,-46.665472,2,79,20,0,lenta,-1
2024-03-20 03:32:00,ônibus 15,linha 404,-23.579012,-46.647808,9,49,3,0,lenta,0
2024-03-10 16:28:00,ônibus 29,linha 505,-23.577273,-46.664398,1,86,16,0,lenta,-1
2024-03-08 16:20:00,ônibus 18,linha 404,-23.582053,-46.673062,26,13,16,0,lenta,-1
2024-03-27 11:51:00,ônibus 8,linha 404,-23.56469,-46.647818,13,61,11,0,lenta,-1
2024-03-13 05:33:00,ônibus 7,linha 101,-23.578512,-46.675841,3,72,5,0,lenta,-1
2024-03-22 17:47:00,ônibus 27,linha 404,-23.595872,-46.672738,23,21,17,0,lenta,-1
2024-03-23 08:18:00,ônibus 30,linha 404,-23.597816,-46.648192,24,38,8,0,lenta,-1
2024-03-22 16:41:00,ônibus 27,linha 505,-23.558777,-46.638886,29,68,16,0,lenta,-1
2024-03-16 11:25:00,ônibus 2,linha 202,-23.588181,-46.649303,29,23,11,0,lenta,-1
2024-03-13 10:30:00,ônibus 30,linha 303,-23.556344,-46.667296,22,74,10,0,lenta,-1
2024-03-23 12:32:00,ônibus 21,linha 505,-23.579548,-46.647176,21,52,12,0,lenta,-1
2024-03-05 03:26:00,ônibus 21,linha 303,-23.586289,-46.64268,6,51,3,0,lenta,0
2024-03-15 22:12:00,ônibus 12,linha 101,-23.557858,-46.67642,40,59,22,1,rapida,-1
2024-03-30 19:35:00,ônibus 6,linha 404,-23.599259,-46.678955,16,51,19,0,lenta,-1
2024-03-11 23:25:00,ônibus 9,linha 202,-23.579235,-46.637319,33,43,23,1,rapida,-1
2024-03-15 07:52:00,ônibus 17,linha 404,-23.57284,-46.653377,2,35,7,0,lenta,0
2024-03-20 12:31:00,ônibus 16,linha 505,-23.581334,-46.671415,18,71,12,0,lenta,-1
2024-03-24 09:19:00,ônibus 7,linha 404,-23.589004,-46.672337,28,25,9,0,lenta,-1
2024-03-08 18:37:00,ônibus 3,linha 303,-23.582529,-46.652583,39,56,18,1,rapida,-1
2024-03-07 12:40:00,ônibus 29,linha 202,-23.586574,-46.66159,30,52,12,1,rapida,-1
2024-03-01 15:12:00,ônibus 15,linha 202,-23.598293,-46.631499,1,60,15,0,lenta,-1
2024-03-12 00:53:00,ônibus 2,linha 202,-23.553998,-46.635593,5,51,0,0,lenta,-1
2024-03-23 22:47:00,ônibus 28,linha 202,-23.589173,-46.677773,30,74,22,1,rapida,-1
2024-03-16 05:00:00,ônibus 19,linha 404,-23.55501,-46.678275,3,75,5,0,lenta,-1
2024-03-08 06:22:00,ônibus 6,linha 202,-23.58359,-46.676996,40,49,6,1,rapida,-1
2024-03-04 08:25:00,ônibus 27,linha 404,-23.570873,-46.646916,16,10,8,0,lenta,-1
2024-03-02 00:31:00,ônibus 11,linha 505,-23.566939,-46.634285,35,28,0,1,rapida,-1
2024-03-25 00:58:00,ônibus 6,linha 303,-23.596244,-46.649254,35,33,0,1,rapida,-1
2024-03-21 03:28:00,ônibus 19,linha 505,-23.598994,-46.657957,31,79,3,1,rapida,-1
2024-03-11 04:44:00,ônibus 29,linha 303,-23.592524,-46.672032,4,25,4,0,lenta,0
2024-03-04 07:21:00,ônibus 8,linha 505,-23.554717,-46.636022,25,84,7,0,lenta,0
2024-03-18 14:10:00,ônibus 9,linha 202,-23.550867,-46.6674,15,26,14,0,lenta,-1
2024-03-26 04:26:00,ônibus 13,linha 101,-23.58086,-46.634239,17,59,4,0,lenta,-1
2024-03-10 07:42:00,ônibus 16,linha 101,-23.589003,-46.657467,15,13,7,0,lenta,-1
2024-03-29 16:30:00,ônibus 7,linha 404,-23.595763,-46.674818,2,67,16,0,lenta,-1
2024-03-08 19:36:00,ônibus 3,linha 303,-23.563651,-46.637602,29,85,19,0,lenta,-1
2024-03-26 21:58:00,ônibus 27,linha 101,-23.585081,-46.642544,37,48,21,1,rapida,-1
2024-03-29 01:31:00,ônibus 12,linha 202,-23.57568,-46.659384,18,57,1,0,lenta,-1
2024-03-09 05:03:00,ônibus 23,linha 303,-23.584162,-46.638807,26,44,5,0,lenta,-1
2024-03-04 08:34:00,ônibus 15,linha 303,-23.58883,-46.672567,29,71,8,0,lenta,-1
2024-03-27 23:57:00,ônibus 5,linha 101,-23.555196,-46.672808,15,27,23,0,lenta,-1
2024-03-24 22:09:00,ônibus 14,linha 303,-23.582803,-46.672816,40,20,22,1,rapida,-1
2024-03-14 13:33:00,ônibus 8,linha 404,-23.596726,-46.674567,17,29,13,0,lenta,-1
2024-03-28 16:17:00,ônibus 21,linha 101,-23.552166,-46.648409,28,80,16,0,lenta,-1
2024-03-28 00:55:00,ônibus 28,linha 303,-23.574316,-46.678706,1,22,0,0,lenta,-1
2024-03-07 06:14:00,ônibus 25,linha 303,-23.565204,-46.652909,6,63,6,0,lenta,-1
2024-03-10 04:59:00,ônibus 20,linha 202,-23.574322,-46.665265,22,62,4,0,lenta,-1
2024-03-19 11:26:00,ônibus 27,linha 202,-23.581162,-46.676395,8,31,11,0,lenta,-1
2024-03-16 02:24:00,ônibus 26,linha 101,-23.592669,-46.657801,31,31,2,1,rapida,-1
2024-03-29 18:45:00,ônibus 18,linha 101,-23.587157,-46.675341,34,28,18,1,rapida,-1
2024-03-13 22:29:00,ônibus 21,linha 404,-23.591153,-46.649449,16,47,22,0,lenta,-1
2024-03-05 00:51:00,ônibus 23,linha 303,-23.563182,-46.671139,20,55,0,0,lenta,-1
2024-03-12 00:30:00,ônibus 24,linha 101,-23.595581,-46.651231,18,69,0,0,lenta,-1
2024-03-02 15:48:00,ônibus 8,linha 505,-23.585271,-46.674626,6,40,15,0,lenta,-1
2024-03-24 22:33:00,ônibus 3,linha 303,-23.589155,-46.660961,8,43,22,0,lenta,-1
2024-03-10 00:20:00,ônibus 14,linha 202,-23.565588,-46.653247,13,35,0,0,lenta,0
2024-03-07 16:00:00,ônibus 5,linha 202,-23.592917,-46.637863,11,15,16,0,lenta,-1
2024-03-25 08:09:00,ônibus 26,linha 101,-23.59987,-46.65239,35,44,8,1,rapida,-1
2024-03-13 12:34:00,ônibus 30,linha 202,-23.553103,-46.662597,37,66,12,1,rapida,-1
2024-03-22 12:03:00,ônibus 7,linha 505,-23.599802,-46.633613,21,57,12,0,lenta,-1
2024-03-10 19:23:00,ônibus 14,linha 303,-23.567407,-46.67931,40,45,19,1,rapida,-1
2024-03-09 22:12:00,ônibus 5,linha 404,-23.598211,-46.659866,33,23,22,1,rapida,-1
2024-03-23 03:11:00,ônibus 14,linha 101,-23.585944,-46.657731,1,42,3,0,lenta,0
2024-03-23 14:55:00,ônibus 4,linha 404,-23.599102,-46.63533,39,30,14,1,rapida,-1
2024-03-10 04:22:00,ônibus 25,linha 505,-23.590461,-46.641265,0,71,4,0,lenta,-1
2024-03-03 12:18:00,ônibus 9,linha 101,-23.562524,-46.630003,31,20,12,1,rapida,-1
2024-03-07 21:13:00,ônibus 13,linha 202,-23.593053,-46.641113,37,17,21,1,rapida,-1
2024-03-24 14:12:00,ônibus 3,linha 404,-23.581391,-46.656221,27,48,14,0,lenta,-1
2024-03-22 21:51:00,ônibus 10,linha 505,-23.588809,-46.656154,5,45,21,0,lenta,-1
2024-03-10 21:46:00,ônibus 24,linha 101,-23.596679,-46.65719,34,19,21,1,rapida,-1
2024-03-27 20:48:00,ônibus 21,linha 404,-23.566291,-46.647213,24,33,20,0,lenta,0
2024-03-19 04:55:00,ônibus 7,linha 303,-23.596193,-46.649283,4,85,4,0,lenta,-1
2024-03-06 18:26:00,ônibus 22,linha 303,-23.560606,-46.67778,10,87,18,0,lenta,-1
2024-03-09 00:05:00,ônibus 15,linha 101,-23.597583,-46.659773,35,66,0,1,rapida,-1
2024-03-18 19:15:00,ônibus 2,linha 505,-23.557576,-46.674866,29,56,19,0,lenta,-1
2024-03-15 14:36:00,ônibus 7,linha 303,-23.592325,-46.655638,37,42,14,1,rapida,-1
2024-03-17 22:10:00,ônibus 19,linha 505,-23.551332,-46.650811,2,42,22,0,lenta,-1
2024-03-08 23:22:00,ônibus 4,linha 505,-23.587809,-46.643794,27,81,23,0,lenta,-1
2024-03-28 03:17:00,ônibus 25,linha 505,-23.585948,-46.647744,22,71,3,0,lenta,-1
2024-03-26 21:30:00,ônibus 3,linha 202,-23.572734,-46.666647,5,72,21,0,lenta,-1
2024-03-01 11:02:00,ônibus 20,linha 505,-23.577212,-46.667652,6,68,11,0,lenta,-1
2024-03-24 10:55:00,ônibus 19,linha 101,-23.554394,-46.642383,18,25,10,0,lenta,-1
2024-03-22 22:15:00,ônibus 5,linha 202,-23.575114,-46.669548,19,27,22,0,lenta,-1
2024-03-07 05:40:00,ônibus 6,linha 202,-23.562563,-46.673868,21,44,5,0,lenta,-1
2024-03-27 18:02:00,ônibus 18,linha 303,-23.558711,-46.665804,4,15,18,0,lenta,-1
2024-03-28 15:49:00,ônibus 27,linha 202,-23.579829,-46.66255,25,73,15,0,lenta,-1
2024-03-16 20:20:00,ônibus 5,linha 505,-23.561152,-46.677527,38,33,20,1,rapida,-1
2024-03-21 08:49:00,ônibus 27,linha 202,-23.589932,-46.642311,3,58,8,0,lenta,-1
2024-03-18 15:54:00,ônibus 12,linha 202,-23.58267,-46.647264,6,78,15,0,lenta,1
2024-03-06 14:24:00,ônibus 25,linha 303,-23.569291,-46.639375,14,34,14,0,lenta,-1
2024-03-26 01:53:00,ônibus 29,linha 404,-23.558608,-46.678325,40,76,1,1,rapida,-1
2024-03-05 10:12:00,ônibus 9,linha 505,-23.563929,-46.664204,5,43,10,0,lenta,-1
2024-03-05 21:51:00,ônibus 22,linha 202,-23.59908,-46.661371,16,32,21,0,lenta,-1
2024-03-28 07:27:00,ônibus 24,linha 101,-23.599195,-46.656512,1,66,7,0,lenta,-1
2024-03-01 20:45:00,ônibus 7,linha 101,-23.55496,-46.671787,34,35,20,1,rapida,-1
2024-03-04 06:58:00,ônibus 3,linha 101,-23.571201,-46.644196,40,23,6,1,rapida,-1
2024-03-03 03:28:00,ônibus 25,linha 505,-23.553954,-46.665333,30,78,3,1,rapida,-1
2024-03-05 03:37:00,ônibus 9,linha 505,-23.581179,-46.646659,16,66,3,0,lenta,-1
2024-03-26 02:10:00,ônibus 9,linha 505,-23.560706,-46.677605,10,55,2,0,lenta,-1
2024-03-18 09:51:00,ônibus 3,linha 202,-23.559741,-46.666897,11,62,9,0,lenta,-1
2024-03-28 03:50:00,ônibus 28,linha 505,-23.574341,-46.660682,16,67,3,0,lenta,-1
2024-03-04 19:52:00,ônibus 3,linha 404,-23.565487,-46.640479,39,62,19,1,rapida,-1
2024-03-15 10:03:00,ônibus 4,linha 101,-23.562285,-46.637625,14,13,10,0,lenta,-1
2024-03-10 19:28:00,ônibus 18,linha 202,-23.577337,-46.634848,29,41,19,0,lenta,-1
2024-03-24 01:12:00,ônibus 8,linha 303,-23.583888,-46.664542,25,71,1,0,lenta,-1
2024-03-08 08:53:00,ônibus 8,linha 303,-23.588929,-46.667443,8,20,8,0,lenta,-1
2024-03-23 14:21:00,ônibus 2,linha 303,-23.571442,-46.679785,13,78,14,0,lenta,-1
2024-03-23 23:10:00,ônibus 13,linha 404,-23.568339,-46.641998,8,37,23,0,lenta,-1
2024-03-01 10:12:00,ônibus 30,linha 404,-23.584351,-46.648767,13,77,10,0,lenta,-1
2024-03-11 10:57:00,ônibus 18,linha 202,-23.567263,-46.635164,23,27,10,0,lenta,-1
2024-03-26 06:59:00,ônibus 12,linha 202,-23.586024,-46.666646,7,80,6,0,lenta,-1
2024-03-16 09:12:00,ônibus 15,linha 505,-23.568568,-46.669288,20,75,9,0,lenta,-1
2024-03-20 13:29:00,ônibus 18,linha 202,-23.58935,-46.657682,7,10,13,0,lenta,-1
2024-03-12 08:38:00,ônibus 17,linha 101,-23.58315,-46.676046,23,32,8,0,lenta,-1
2024-03-23 08:28:00,ônibus 3,linha 303,-23.560616,-46.660516,2,86,8,0,lenta,-1
2024-03-08 10:26:00,ônibus 7,linha 202,-23.581544,-46.647251,13,47,10,0,lenta,-1
2024-03-23 00:54:00,ônibus 14,linha 303,-23.598659,-46.641683,9,33,0,0,lenta,-1
2024-03-18 13:26:00,ônibus 4,linha 404,-23.555932,-46.665727,13,28,13,0,lenta,-1
2024-03-07 17:21:00,ônibus 19,linha 101,-23.593573,-46.670356,4,61,17,0,lenta,-1
2024-03-05 20:34:00,ônibus 18,linha 202,-23.593934,-46.658408,10,90,20,0,lenta,-1
2024-03-30 12:40:00,ônibus 4,linha 505,-23.579957,-46.638175,6,80,12,0,lenta,-1
2024-03-07 14:33:00,ônibus 16,linha 101,-23.571492,-46.66032,17,35,14,0,lenta,-1
2024-03-27 05:23:00,ônibus 25,linha 505,-23.59635,-46.641805,12,35,5,0,lenta,-1
2024-03-06 21:52:00,ônibus 15,linha 404,-23.555773,-46.665952,11,55,21,0,lenta,-1
2024-03-28 23:16:00,ônibus 9,linha 202,-23.561844,-46.644727,8,50,23,0,lenta,-1
2024-03-19 08:34:00,ônibus 14,linha 505,-23.598788,-46.632935,40,85,8,1,rapida,-1
2024-03-27 09:05:00,ônibus 19,linha 202,-23.595751,-46.662962,35,25,9,1,rapida,-1
2024-03-29 02:43:00,ônibus 4,linha 202,-23.567481,-46.637032,12,67,2,0,lenta,-1
2024-03-09 23:27:00,ônibus 26,linha 505,-23.577426,-46.646114,17,44,23,0,lenta,-1
2024-03-21 10:30:00,ônibus 23,linha 101,-23.56333,-46.632244,30,22,10,1,rapida,0
2024-03-06 14:24:00,ônibus 14,linha 303,-23.595847,-46.661128,2,74,14,0,lenta,-1
2024-03-03 19:42:00,ônibus 6,linha 505,-23.583849,-46.66098,35,90,19,1,rapida,-1
2024-03-20 00:10:00,ônibus 19,linha 202,-23.598786,-46.643113,37,90,0,1,rapida,-1
2024-03-06 01:16:00,ônibus 30,linha 505,-23.558546,-46.647864,19,79,1,0,lenta,-1
2024-03-04 00:16:00,ônibus 19,linha 404,-23.598137,-46.63752,30,44,0,1,rapida,-1
2024-03-13 03:14:00,ônibus 8,linha 505,-23.55357,-46.66148,7,52,3,0,lenta,-1
2024-03-02 08:50:00,ônibus 25,linha 505,-23.586156,-46.670717,0,68,8,0,lenta,-1
2024-03-25 08:24:00,ônibus 11,linha 404,-23.553576,-46.677318,40,56,8,1,rapida,-1
2024-03-13 03:05:00,ônibus 1,linha 303,-23.577927,-46.631533,17,34,3,0,lenta,-1
2024-03-03 05:37:00,ônibus 12,linha 303,-23.587651,-46.658985,22,49,5,0,lenta,-1
2024-03-26 04:29:00,ônibus 5,linha 505,-23.565436,-46.651904,12,41,4,0,lenta,-1
2024-03-30 15:25:00,ônibus 13,linha 303,-23.564494,-46.671798,39,29,15,1,rapida,-1
2024-03-21 11:16:00,ônibus 26,linha 505,-23.563625,-46.647118,14,43,11,0,lenta,0
2024-03-18 18:34:00,ônibus 26,linha 303,-23.596156,-46.666583,39,81,18,1,rapida,-1
2024-03-30 11:05:00,ônibus 5,linha 505,-23.581366,-46.640719,29,20,11,0,lenta,-1
2024-03-03 09:22:00,ônibus 6,linha 505,-23.554697,-46.66577,8,26,9,0,lenta,-1
2024-03-23 08:01:00,ônibus 3,linha 303,-23.558943,-46.664697,11,77,8,0,lenta,-1
2024-03-26 20:07:00,ônibus 7,linha 505,-23.563375,-46.674702,25,68,20,0,lenta,-1
2024-03-30 16:45:00,ônibus 16,linha 101,-23.551105,-46.674679,21,72,16,0,lenta,-1
2024-03-13 23:58:00,ônibus 1,linha 505,-23.594707,-46.64987,38,34,23,1,rapida,-1
2024-03-21 00:26:00,ônibus 13,linha 303,-23.574994,-46.672801,33,16,0,1,rapida,-1
2024-03-10 18:57:00,ônibus 2,linha 202,-23.588739,-46.6629,40,33,18,1,rapida,-1
2024-03-07 18:25:00,ônibus 28,linha 202,-23.586153,-46.631677,5,84,18,0,lenta,-1
2024-03-01 05:04:00,ônibus 25,linha 101,-23.564741,-46.643441,13,74,5,0,lenta,-1
2024-03-04 15:33:00,ônibus 3,linha 101,-23.597395,-46.676187,12,52,15,0,lenta,-1
2024-03-04 17:26:00,ônibus 28,linha 505,-23.584793,-46.674098,1,28,17,0,lenta,-1
2024-03-20 01:33:00,ônibus 13,linha 505,-23.580815,-46.669488,38,76,1,1,rapida,-1
2024-03-19 15:11:00,ônibus 20,linha 303,-23.597962,-46.672654,40,62,15,1,rapida,-1
2024-03-13 06:31:00,ônibus 1,linha 202,-23.569571,-46.672491,29,44,6,0,lenta,-1
2024-03-15 12:28:00,ônibus 29,linha 404,-23.571223,-46.654494,1,11,12,0,lenta,-1
2024-03-29 03:19:00,ônibus 6,linha 505,-23.557536,-46.669083,19,80,3,0,lenta,-1
2024-03-30 03:22:00,ônibus 15,linha 303,-23.588458,-46.635128,5,30,3,0,lenta,-1
2024-03-14 23:04:00,ônibus 30,linha 404,-23.596455,-46.650906,36,55,23,1,rapida,-1
2024-03-28 19:11:00,ônibus 7,linha 202,-23.598003,-46.659471,15,57,19,0,lenta,0
2024-03-29 21:50:00,ônibus 26,linha 404,-23.589804,-46.663388,16,48,21,0,lenta,-1
2024-03-23 19:48:00,ônibus 6,linha 505,-23.590138,-46.658847,33,33,19,1,rapida,-1
2024-03-26 09:45:00,ônibus 25,linha 101,-23.59355,-46.660331,16,78,9,0,lenta,0
2024-03-04 07:14:00,ônibus 3,linha 101,-23.595684,-46.673301,34,37,7,1,rapida,-1
2024-03-30 09:55:00,ônibus 26,linha 202,-23.597783,-46.630057,17,13,9,0,lenta,-1
2024-03-19 16:44:00,ônibus 20,linha 303,-23.56334,-46.644977,18,64,16,0,lenta,-1
2024-03-14 06:50:00,ônibus 30,linha 303,-23.579429,-46.654199,17,42,6,0,lenta,-1
2024-03-16 11:59:00,ônibus 29,linha 404,-23.564569,-46.651013,33,44,11,1,rapida,0
2024-03-03 08:50:00,ônibus 29,linha 101,-23.558495,-46.630168,20,84,8,0,lenta,-1
2024-03-22 18:46:00,ônibus 12,linha 202,-23.558116,-46.661799,6,76,18,0,lenta,-1
2024-03-07 16:02:00,ônibus 23,linha 404,-23.566591,-46.640224,8,17,16,0,lenta,-1
2024-03-19 22:24:00,ônibus 21,linha 101,-23.580055,-46.634128,38,19,22,1,rapida,-1
2024-03-21 08:14:00,ônibus 10,linha 505,-23.566349,-46.640936,36,78,8,1,rapida,-1
2024-03-07 04:37:00,ônibus 1,linha 101,-23.554609,-46.67857,25,35,4,0,lenta,-1
2024-03-24 05:38:00,ônibus 5,linha 505,-23.591038,-46.649529,30,27,5,1,rapida,-1
2024-03-05 10:01:00,ônibus 4,linha 101,-23.571973,-46.639853,5,20,10,0,lenta,-1
2024-03-09 09:30:00,ônibus 29,linha 505,-23.583235,-46.662291,8,31,9,0,lenta,-1
2024-03-28 17:05:00,ônibus 29,linha 101,-23.573923,-46.670092,23,36,17,0,lenta,-1
2024-03-20 08:03:00,ônibus 13,linha 202,-23.561915,-46.639388,17,77,8,0,lenta,-1
2024-03-17 09:38:00,ônibus 19,linha 303,-23.575004,-46.63893,21,45,9,0,lenta,-1
2024-03-01 15:25:00,ônibus 24,linha 404,-23.591111,-46.65411,16,19,15,0,lenta,-1
2024-03-23 00:21:00,ônibus 20,linha 101,-23.563657,-46.654468,18,84,0,0,lenta,-1
2024-03-19 11:33:00,ônibus 9,linha 101,-23.559128,-46.638687,34,59,11,1,rapida,-1
2024-03-13 09:07:00,ônibus 9,linha 303,-23.59125,-46.679954,34,51,9,1,rapida,-1
2024-03-10 07:49:00,ônibus 9,linha 101,-23.55861,-46.679504,8,56,7,0,lenta,-1
2024-03-26 00:49:00,ônibus 29,linha 101,-23.5561,-46.667049,14,80,0,0,lenta,-1
2024-03-16 21:35:00,ônibus 10,linha 303,-23.569218,-46.672308,6,84,21,0,lenta,-1
2024-03-12 19:30:00,ônibus 17,linha 505,-23.587883,-46.645237,15,18,19,0,lenta,-1
2024-03-09 23:50:00,ônibus 26,linha 303,-23.561617,-46.634589,15,13,23,0,lenta,-1
2024-03-11 06:53:00,ônibus 9,linha 404,-23.589336,-46.634098,15,24,6,0,lenta,-1
2024-03-28 15:13:00,ônibus 27,linha 505,-23.559262,-46.661253,24,51,15,0,lenta,-1
2024-03-05 07:35:00,ônibus 12,linha 101,-23.564394,-46.676623,9,19,7,0,lenta,-1
2024-03-21 17:12:00,ônibus 6,linha 101,-23.571503,-46.648898,11,28,17,0,lenta,-1
2024-03-20 08:30:00,ônibus 28,linha 303,-23.593598,-46.65798,13,64,8,0,lenta,-1
2024-03-06 04:23:00,ônibus 19,linha 202,-23.594998,-46.674136,17,72,4,0,lenta,-1
2024-03-08 06:38:00,ônibus 5,linha 202,-23.566391,-46.664709,17,31,6,0,lenta,-1
2024-03-30 01:56:00,ônibus 22,linha 404,-23.550175,-46.651537,20,39,1,0,lenta,-1
2024-03-17 19:28:00,ônibus 27,linha 505,-23.576234,-46.668833,37,69,19,1,rapida,-1
2024-03-08 18:03:00,ônibus 6,linha 303,-23.592168,-46.674569,31,70,18,1,rapida,-1
2024-03-29 23:57:00,ônibus 28,linha 505,-23.558077,-46.665717,23,41,23,0,lenta,-1
2024-03-16 01:55:00,ônibus 8,linha 202,-23.581594,-46.65596,36,85,1,1,rapida,-1
2024-03-17 19:50:00,ônibus 17,linha 101,-23.579408,-46.669572,34,29,19,1,rapida,-1
2024-03-18 21:36:00,ônibus 20,linha 101,-23.583039,-46.639469,37,16,21,1,rapida,-1
2024-03-18 17:07:00,ônibus 19,linha 303,-23.563446,-46.645134,22,48,17,0,lenta,-1
2024-03-01 05:42:00,ônibus 13,linha 404,-23.599311,-46.650298,36,78,5,1,rapida,-1
2024-03-11 11:13:00,ônibus 28,linha 303,-23.563282,-46.665232,39,28,11,1,rapida,-1
2024-03-24 05:02:00,ônibus 10,linha 202,-23.587075,-46.652604,32,62,5,1,rapida,-1
2024-03-25 01:44:00,ônibus 5,linha 303,-23.597231,-46.678594,19,43,1,0,lenta,-1
2024-03-26 13:47:00,ônibus 3,linha 404,-23.595721,-46.653607,27,39,13,0,lenta,-1
2024-03-11 19:19:00,ônibus 20,linha 404,-23.573676,-46.668458,3,60,19,0,lenta,-1
2024-03-12 22:30:00,ônibus 4,linha 202,-23.598657,-46.667583,17,15,22,0,lenta,-1
2024-03-18 05:29:00,ônibus 30,linha 101,-23.564701,-46.645306,31,51,5,1,rapida,-1
2024-03-10 17:59:00,ônibus 14,linha 505,-23.589582,-46.658049,17,44,17,0,lenta,-1
2024-03-25 16:13:00,ônibus 29,linha 404,-23.597032,-46.672785,16,39,16,0,lenta,0
2024-03-09 10:00:00,ônibus 2,linha 101,-23.582211,-46.660922,3,47,10,0,lenta,1
2024-03-30 21:20:00,ônibus 5,linha 101,-23.559139,-46.64021,36,37,21,1,rapida,-1
2024-03-12 11:54:00,ônibus 9,linha 404,-23.581869,-46.648605,29,20,11,0,lenta,-1
2024-03-29 04:49:00,ônibus 20,linha 101,-23.582747,-46.639919,4,79,4,0,lenta,0
2024-03-28 21:16:00,ônibus 12,linha 101,-23.565214,-46.658064,1,73,21,0,lenta,-1
2024-03-12 08:46:00,ônibus 15,linha 202,-23.55526,-46.638258,19,85,8,0,lenta,0
2024-03-02 22:17:00,ônibus 25,linha 505,-23.591147,-46.679481,24,60,22,0,lenta,-1
2024-03-18 23:45:00,ônibus 9,linha 505,-23.58492,-46.630339,36,65,23,1,rapida,-1
2024-03-24 06:08:00,ônibus 28,linha 202,-23.583462,-46.678013,38,56,6,1,rapida,-1
2024-03-12 12:40:00,ônibus 4,linha 404,-23.598818,-46.641545,7,45,12,0,lenta,-1
2024-03-20 07:36:00,ônibus 1,linha 404,-23.553662,-46.661681,34,68,7,1,rapida,0
2024-03-28 00:55:00,ônibus 3,linha 101,-23.551082,-46.658726,38,51,0,1,rapida,-1
2024-03-06 03:35:00,ônibus 27,linha 101,-23.563929,-46.664804,23,71,3,0,lenta,-1
2024-03-01 13:39:00,ônibus 23,linha 505,-23.589022,-46.662963,39,35,13,1,rapida,-1
2024-03-20 19:45:00,ônibus 12,linha 101,-23.599535,-46.66359,28,70,19,0,lenta,-1
2024-03-27 04:02:00,ônibus 11,linha 404,-23.599592,-46.662082,3,29,4,0,lenta,-1
2024-03-11 16:09:00,ônibus 13,linha 303,-23.57305,-46.672822,23,74,16,0,lenta,-1
2024-03-17 00:29:00,ônibus 29,linha 404,-23.563898,-46.647037,0,50,0,0,lenta,-1
2024-03-12 04:49:00,ônibus 30,linha 303,-23.572754,-46.640269,4,26,4,0,lenta,-1
2024-03-29 21:16:00,ônibus 18,linha 505,-23.553568,-46.673804,30,16,21,1,rapida,-1
2024-03-13 01:53:00,ônibus 23,linha 303,-23.568136,-46.630842,27,51,1,0,lenta,-1
2024-03-18 15:15:00,ônibus 10,linha 101,-23.586882,-46.635423,27,30,15,0,lenta,-1
2024-03-20 22:12:00,ônibus 7,linha 404,-23.572758,-46.65455,16,10,22,0,lenta,-1
2024-03-07 10:29:00,ônibus 25,linha 202,-23.552257,-46.64167,22,42,10,0,lenta,-1
2024-03-17 13:54:00,ônibus 16,linha 303,-23.591412,-46.631556,18,79,13,0,lenta,-1
2024-03-02 13:14:00,ônibus 15,linha 202,-23.551427,-46.64207,20,40,13,0,lenta,-1
2024-03-05 23:51:00,ônibus 28,linha 101,-23.566451,-46.651876,35,21,23,1,rapida,-1
2024-03-10 16:15:00,ônibus 28,linha 303,-23.591543,-46.638438,38,60,16,1,rapida,-1
2024-03-11 23:07:00,ônibus 1,linha 202,-23.591999,-46.658702,20,46,23,0,lenta,-1
2024-03-20 18:14:00,ônibus 21,linha 303,-23.590212,-46.640546,5,45,18,0,lenta,-1
2024-03-09 02:49:00,ônibus 6,linha 101,-23.556972,-46.679547,5,12,2,0,lenta,-1
2024-03-28 18:05:00,ônibus 29,linha 404,-23.555489,-46.678387,23,83,18,0,lenta,-1
2024-03-05 02:20:00,ônibus 16,linha 202,-23.55228,-46.65686,32,16,2,1,rapida,-1
2024-03-05 03:02:00,ônibus 18,linha 404,-23.562347,-46.637308,16,42,3,0,lenta,-1
2024-03-05 17:49:00,ônibus 21,linha 101,-23.561865,-46.645925,38,54,17,1,rapida,-1
2024-03-23 04:24:00,ônibus 16,linha 101,-23.595379,-46.653389,19,48,4,0,lenta,0
2024-03-03 14:57:00,ônibus 25,linha 505,-23.579248,-46.676763,24,54,14,0,lenta,-1
2024-03-02 07:55:00,ônibus 17,linha 404,-23.564411,-46.657354,5,60,7,0,lenta,-1
2024-03-02 16:59:00,ônibus 24,linha 505,-23.599162,-46.655537,2,71,16,0,lenta,-1
2024-03-31 01:40:00,ônibus 27,linha 303,-23.581251,-46.640503,20,53,1,0,lenta,-1
2024-03-15 09:41:00,ônibus 21,linha 404,-23.574855,-46.658566,17,37,9,0,lenta,-1
2024-03-11 07:34:00,ônibus 14,linha 404,-23.554856,-46.636371,30,52,7,1,rapida,-1
2024-03-24 19:32:00,ônibus 10,linha 202,-23.560385,-46.660234,40,79,19,1,rapida,-1
2024-03-19 09:06:00,ônibus 7,linha 202,-23.56923,-46.63427,28,83,9,0,lenta,-1
2024-03-28 09:43:00,ônibus 24,linha 101,-23.585327,-46.66747,9,10,9,0,lenta,-1
2024-03-07 00:57:00,ônibus 28,linha 505,-23.59772,-46.647101,34,26,0,1,rapida,-1
2024-03-04 23:39:00,ônibus 6,linha 202,-23.56654,-46.676864,40,52,23,1,rapida,-1
2024-03-23 16:13:00,ônibus 15,linha 505,-23.571066,-46.666509,16,32,16,0,lenta,0
2024-03-24 14:47:00,ônibus 25,linha 505,-23.581542,-46.644567,40,68,14,1,rapida,-1
2024-03-05 17:05:00,ônibus 18,linha 303,-23.592772,-46.656017,33,23,17,1,rapida,-1
2024-03-08 06:16:00,ônibus 16,linha 404,-23.571911,-46.65541,10,63,6,0,lenta,-1
2024-03-13 16:18:00,ônibus 6,linha 202,-23.570708,-46.667357,22,83,16,0,lenta,-1
2024-03-13 02:21:00,ônibus 20,linha 404,-23.570992,-46.677834,27,45,2,0,lenta,-1
2024-03-13 05:44:00,ônibus 7,linha 202,-23.553795,-46.645779,30,86,5,1,rapida,-1
2024-03-09 23:35:00,ônibus 13,linha 101,-23.563607,-46.673765,6,39,23,0,lenta,-1
2024-03-05 22:14:00,ônibus 29,linha 101,-23.555683,-46.637754,19,20,22,0,lenta,-1
2024-03-25 13:05:00,ônibus 28,linha 101,-23.559917,-46.636037,13,65,13,0,lenta,0
2024-03-23 13:01:00,ônibus 23,linha 202,-23.583676,-46.676457,34,76,13,1,rapida,-1
2024-03-19 08:19:00,ônibus 3,linha 505,-23.567934,-46.653905,26,13,8,0,lenta,-1
2024-03-05 12:14:00,ônibus 14,linha 505,-23.555336,-46.644221,10,84,12,0,lenta,-1
2024-03-15 14:20:00,ônibus 13,linha 505,-23.590784,-46.63954,14,66,14,0,lenta,-1
2024-03-30 07:12:00,ônibus 30,linha 404,-23.560787,-46.651426,25,45,7,0,lenta,-1
2024-03-26 00:13:00,ônibus 14,linha 101,-23.592022,-46.630476,29,67,0,0,lenta,-1
2024-03-17 15:20:00,ônibus 20,linha 101,-23.559652,-46.651781,33,60,15,1,rapida,-1
2024-03-21 17:05:00,ônibus 14,linha 101,-23.555973,-46.667075,31,13,17,1,rapida,-1
2024-03-07 09:33:00,ônibus 17,linha 505,-23.572287,-46.639439,2,52,9,0,lenta,-1
2024-03-29 14:11:00,ônibus 9,linha 303,-23.579406,-46.676724,0,34,14,0,lenta,-1
2024-03-05 15:33:00,ônibus 27,linha 101,-23.554115,-46.659407,29,23,15,0,lenta,-1
2024-03-05 12:47:00,ônibus 25,linha 303,-23.558886,-46.661482,40,89,12,1,rapida,-1
2024-03-16 08:16:00,ônibus 26,linha 101,-23.555311,-46.646457,17,89,8,0,lenta,-1
2024-03-08 08:48:00,ônibus 26,linha 202,-23.567461,-46.67004,24,41,8,0,lenta,-1
2024-03-11 05:10:00,ônibus 27,linha 404,-23.577265,-46.633887,28,62,5,0,lenta,-1
2024-03-29 20:42:00,ônibus 19,linha 303,-23.58448,-46.677956,3,86,20,0,lenta,-1
2024-03-30 14:29:00,ônibus 7,linha 404,-23.56903,-46.63639,0,89,14,0,lenta,-1
2024-03-17 12:24:00,ônibus 7,linha 202,-23.582282,-46.653463,24,46,12,0,lenta,-1
2024-03-05 03:52:00,ônibus 10,linha 404,-23.569556,-46.657732,32,10,3,1,rapida,-1
2024-03-01 11:28:00,ônibus 22,linha 303,-23.585432,-46.631602,0,71,11,0,lenta,-1
2024-03-27 15:05:00,ônibus 21,linha 101,-23.591957,-46.649276,5,31,15,0,lenta,-1
2024-03-01 20:38:00,ônibus 3,linha 101,-23.55447,-46.636937,36,40,20,1,rapida,-1
2024-03-01 16:01:00,ônibus 6,linha 101,-23.574956,-46.664408,3,30,16,0,lenta,-1
2024-03-21 05:57:00,ônibus 24,linha 505,-23.597111,-46.675086,24,32,5,0,lenta,-1
2024-03-29 17:54:00,ônibus 27,linha 303,-23.553929,-46.640504,8,33,17,0,lenta,-1
2024-03-29 14:27:00,ônibus 7,linha 404,-23.582787,-46.674014,40,29,14,1,rapida,-1
2024-03-12 05:33:00,ônibus 19,linha 303,-23.568481,-46.666957,2,88,5,0,lenta,-1
2024-03-07 23:49:00,ônibus 15,linha 303,-23.58755,-46.67443,13,44,23,0,lenta,-1
2024-03-01 12:51:00,ônibus 6,linha 202,-23.55356,-46.632873,22,20,12,0,lenta,-1
2024-03-28 13:36:00,ônibus 11,linha 505,-23.573945,-46.678628,27,54,13,0,lenta,-1
2024-03-22 09:38:00,ônibus 21,linha 101,-23.55839,-46.630414,11,48,9,0,lenta,-1
2024-03-25 18:28:00,ônibus 30,linha 404,-23.570866,-46.63303,37,55,18,1,rapida,-1
2024-03-02 08:57:00,ônibus 24,linha 404,-23.55006,-46.645063,3,76,8,0,lenta,-1
2024-03-21 08:29:00,ônibus 5,linha 505,-23.577535,-46.638149,27,88,8,0,lenta,-1
2024-03-13 00:39:00,ônibus 20,linha 101,-23.564068,-46.666054,35,72,0,1,rapida,-1
2024-03-15 19:00:00,ônibus 7,linha 404,-23.568427,-46.678607,0,82,19,0,lenta,-1
2024-03-29 05:37:00,ônibus 30,linha 404,-23.56976,-46.678055,8,45,5,0,lenta,-1
2024-03-24 12:25:00,ônibus 14,linha 202,-23.589003,-46.639453,10,53,12,0,lenta,-1
2024-03-25 05:25:00,ônibus 23,linha 505,-23.579647,-46.65359,15,55,5,0,lenta,-1
2024-03-17 08:44:00,ônibus 20,linha 505,-23.574906,-46.673615,9,60,8,0,lenta,-1
2024-03-18 06:23:00,ônibus 27,linha 505,-23.598045,-46.674706,34,29,6,1,rapida,-1
2024-03-20 14:47:00,ônibus 11,linha 505,-23.584326,-46.676543,2,19,14,0,lenta,-1
2024-03-14 23:41:00,ônibus 7,linha 505,-23.553385,-46.679009,24,52,23,0,lenta,-1
2024-03-28 11:19:00,ônibus 14,linha 202,-23.596975,-46.658113,4,61,11,0,lenta,-1
2024-03-18 04:42:00,ônibus 28,linha 505,-23.596152,-46.638693,34,23,4,1,rapida,-1
2024-03-24 15:35:00,ônibus 15,linha 202,-23.598156,-46.669402,31,69,15,1,rapida,-1
2024-03-12 22:38:00,ônibus 7,linha 101,-23.570485,-46.663787,7,71,22,0,lenta,-1
2024-03-20 22:40:00,ônibus 8,linha 101,-23.562653,-46.640129,11,81,22,0,lenta,-1
2024-03-06 20:12:00,ônibus 15,linha 404,-23.5986,-46.671893,33,70,20,1,rapida,-1
2024-03-11 00:10:00,ônibus 25,linha 404,-23.589522,-46.634232,16,71,0,0,lenta,-1
2024-03-20 15:14:00,ônibus 6,linha 202,-23.57409,-46.679866,4,26,15,0,lenta,-1
2024-03-15 16:41:00,ônibus 25,linha 404,-23.572627,-46.661783,38,68,16,1,rapida,-1
2024-03-30 17:56:00,ônibus 27,linha 202,-23.562766,-46.651445,20,64,17,0,lenta,-1
2024-03-13 06:40:00,ônibus 24,linha 404,-23.583909,-46.666674,8,49,6,0,lenta,-1
2024-03-18 10:11:00,ônibus 26,linha 101,-23.599168,-46.65092,36,23,10,1,rapida,-1
2024-03-27 02:23:00,ônibus 15,linha 505,-23.598358,-46.651273,5,33,2,0,lenta,-1
2024-03-15 03:31:00,ônibus 25,linha 404,-23.570142,-46.638961,6,71,3,0,lenta,-1
2024-03-05 08:34:00,ônibus 19,linha 505,-23.592472,-46.67944,36,79,8,1,rapida,-1
2024-03-03 13:16:00,ônibus 4,linha 303,-23.554055,-46.639144,26,71,13,0,lenta,-1
